Date,SPY,UPDOWN,MONTH
42705,219.57,0,12
42706,219.68,0.050097919,
42709,221,0.600873999,
42710,221.7,0.316742081,
42711,224.6,1.308073974,
42712,225.15,0.244879786,
42713,226.51,0.60404175,
42716,226.25,-0.114785219,
42717,227.76,0.667403315,
42718,225.88,-0.825430277,
42719,226.81,0.411723039,
42720,225.04,-0.780388872,
42723,225.53,0.217739069,
42724,226.4,0.385757992,
42725,225.77,-0.278268551,
42726,225.38,-0.172742171,
42727,225.71,0.146419381,
42731,226.27,0.248105977,
42732,224.4,-0.826446281,
42733,224.35,-0.02228164,
42734,223.53,-0.365500334,
42738,225.24,0.764997987,1
42739,226.58,0.594920973,
42740,226.4,-0.07944214,
42741,227.21,0.357773852,
42744,226.46,-0.330091105,
42745,226.46,0,
42746,227.1,0.282610616,
42747,226.53,-0.250990753,
42748,227.05,0.22955017,
42752,226.25,-0.352345298,
42753,226.75,0.220994475,
42754,225.91,-0.37045204,
42755,226.74,0.367402948,
42758,226.15,-0.260209932,
42759,227.6,0.641167367,
42760,229.57,0.865553603,
42761,229.33,-0.104543277,
42762,228.97,-0.156979026,
42765,227.55,-0.620168581,
42766,227.53,-0.008789277,
42767,227.62,0.039555223,2
42768,227.77,0.065899306,
42769,229.34,0.689291829,
42772,228.93,-0.178773873,
42773,228.94,0.004368147,
42774,229.24,0.1310387,
42775,230.6,0.593264701,
42776,231.51,0.394622723,
42779,232.77,0.544252948,
42780,233.7,0.399536023,
42781,234.92,0.522036799,
42782,234.72,-0.085135365,
42783,235.09,0.157634628,
42787,236.49,0.595516611,
42788,236.28,-0.088798681,
42789,236.44,0.067716269,
42790,236.74,0.126882084,
42793,237.11,0.1562896,
42794,236.47,-0.269916916,
42795,239.78,1.399754726,3
42796,238.27,-0.629743932,
42797,238.42,0.062953792,
42800,237.71,-0.297793809,
42801,237,-0.29868327,
42802,236.56,-0.185654008,
42803,236.86,0.126817721,
42804,237.69,0.350417968,
42807,237.81,0.050485927,
42808,236.9,-0.382658425,
42809,238.95,0.865344027,
42810,238.48,-0.196693869,
42811,237.03,-0.608017444,
42814,236.77,-0.109690756,
42815,233.73,-1.283946446,
42816,234.28,0.235314251,
42817,234.03,-0.10670992,
42818,233.86,-0.07264026,
42821,233.62,-0.102625502,
42822,235.32,0.727677425,
42823,235.54,0.093489716,
42824,236.29,0.318417254,
42825,235.74,-0.232764823,
42828,235.33,-0.173920421,4
42829,235.48,0.06374028,
42830,234.78,-0.297265161,
42831,235.44,0.281114235,
42832,235.2,-0.101936799,
42835,235.34,0.05952381,
42836,235.06,-0.1189768,
42837,234.03,-0.438185995,
42838,232.51,-0.649489382,
42842,234.57,0.885983399,
42843,233.87,-0.298418383,
42844,233.44,-0.18386283,
42845,235.34,0.813913639,
42846,234.59,-0.318687856,
42849,237.17,1.099791125,
42850,238.55,0.581861112,
42851,238.4,-0.062879899,
42852,238.6,0.083892617,
42853,238.08,-0.217937972,
42856,238.68,0.252016129,5
42857,238.77,0.037707391,
42858,238.48,-0.121455794,
42859,238.76,0.117410265,
42860,239.7,0.393700787,
42863,239.66,-0.016687526,
42864,239.44,-0.091796712,
42865,239.87,0.1795857,
42866,239.38,-0.204277317,
42867,238.98,-0.167098337,
42870,240.3,0.552347477,
42871,240.08,-0.091552226,
42872,235.82,-1.77440853,
42873,236.77,0.402849631,
42874,238.31,0.650420239,
42877,239.52,0.507742017,
42878,240.05,0.221275885,
42879,240.61,0.233284732,
42880,241.76,0.477951872,
42881,241.71,-0.020681668,
42885,241.5,-0.086880973,
42886,241.44,-0.02484472,
42887,243.36,0.795228628,6
42888,244.17,0.332840237,
42891,243.99,-0.07371913,
42892,243.21,-0.319685233,
42893,243.66,0.185025287,
42894,243.78,0.049248953,
42895,243.41,-0.151776192,
42898,243.36,-0.020541473,
42899,244.55,0.488987508,
42900,244.24,-0.126763443,
42901,243.77,-0.192433672,
42902,242.64,-0.463551709,
42905,244.66,0.832509067,
42906,243.01,-0.674405297,
42907,242.95,-0.024690342,
42908,242.84,-0.045276806,
42909,243.13,0.119420194,
42912,243.29,0.065808415,
42913,241.33,-0.805622919,
42914,243.49,0.895039987,
42915,241.35,-0.878886197,
42916,241.8,0.186451212,
42919,242.21,0.169561621,7
42921,242.77,0.231204327,
42922,240.55,-0.914445772,
42923,242.11,0.648513822,
42926,242.37,0.107389203,
42927,242.19,-0.074266617,
42928,244.01,0.751476114,
42929,244.42,0.168025901,
42930,245.56,0.466410277,
42933,245.53,-0.012216973,
42934,245.66,0.052946687,
42935,246.99,0.541398681,
42936,247.1,0.044536216,
42937,246.88,-0.08903278,
42940,246.82,-0.024303305,
42941,247.42,0.243092132,
42942,247.43,0.00404171,
42943,247.2,-0.092955583,
42944,246.91,-0.117313916,
42947,246.77,-0.056700822,
42948,247.32,0.222879604,8
42949,247.44,0.048520136,
42950,246.96,-0.193986421,
42951,247.41,0.182215743,
42954,247.87,0.185926195,
42955,247.26,-0.246096744,
42956,247.25,-0.004044326,
42957,243.76,-1.411526795,
42958,244.12,0.147686249,
42961,246.54,0.991315746,
42962,246.51,-0.012168411,
42963,246.94,0.174435114,
42964,243.09,-1.559083178,
42965,242.71,-0.156320704,
42968,242.9,0.078282724,
42969,245.44,1.045697818,
42970,244.56,-0.358539765,
42971,243.99,-0.233071639,
42972,244.56,0.233616132,
42975,244.57,0.004088976,
42976,244.85,0.11448665,
42977,246.01,0.473759445,
42978,247.49,0.601601561,
42979,247.84,0.141419855,9
42983,246.06,-0.718205294,
42984,246.9,0.341380151,
42985,246.87,-0.012150668,
42986,246.58,-0.117470734,
42989,249.21,1.066590964,
42990,250.05,0.337065126,
42991,250.17,0.047990402,
42992,250.09,-0.031978255,
42993,249.19,-0.359870447,
42996,249.72,0.212689113,
42997,249.97,0.100112126,
42998,250.06,0.036004321,
42999,249.39,-0.267935695,
43000,249.44,0.020048919,
43003,248.93,-0.204457986,
43004,249.08,0.060257904,
43005,250.05,0.389433114,
43006,250.35,0.119976005,
43007,251.23,0.351507889,
43010,252.32,0.433865382,10
43011,252.86,0.214013951,
43012,253.16,0.118642727,
43013,254.66,0.592510665,
43014,254.37,-0.113877327,
43017,253.95,-0.165113811,
43018,254.62,0.263831463,
43019,255.02,0.15709685,
43020,254.64,-0.149007921,
43021,254.95,0.121740496,
43024,255.29,0.133359482,
43025,255.47,0.07050805,
43026,255.72,0.097858848,
43027,255.79,0.02737369,
43028,257.11,0.516048321,
43031,256.11,-0.388938587,
43032,256.56,0.175705751,
43033,255.29,-0.495010914,
43034,255.62,0.129264758,
43035,257.71,0.817619905,
43038,256.75,-0.372511738,
43039,257.15,0.155793574,
43040,257.49,0.132218549,11
43041,257.59,0.03883646,
43042,258.45,0.333863892,
43045,258.85,0.154768814,
43046,258.67,-0.069538343,
43047,259.11,0.170100901,
43048,258.17,-0.362780286,
43049,258.09,-0.030987334,
43052,258.33,0.092990817,
43053,257.73,-0.232261061,
43054,256.44,-0.500523804,
43055,258.62,0.850101388,
43056,257.86,-0.29386745,
43059,258.3,0.170635228,
43060,259.99,0.654277971,
43061,259.76,-0.088464941,
43063,260.36,0.230982445,
43066,260.23,-0.049930865,
43067,262.87,1.014487184,
43068,262.71,-0.060866588,
43069,265.01,0.875490084,
43070,264.46,-0.207539338,12
43073,264.14,-0.121001286,
43074,263.19,-0.359657757,
43075,263.24,0.018997682,
43076,264.07,0.315301626,
43077,265.51,0.545309956,
43080,266.31,0.301306919,
43081,266.78,0.17648605,
43082,266.75,-0.011245221,
43083,265.66,-0.408622306,
43084,266.51,0.319957841,
43087,268.2,0.634122547,
43088,267.17,-0.38404176,
43089,267.03,-0.052401093,
43090,267.58,0.205969367,
43091,267.51,-0.026160401,
43095,267.19,-0.119621696,
43096,267.32,0.048654516,
43097,267.87,0.205745922,
43098,266.86,-0.377048568,
43102,268.77,0.715731095,1
43103,270.47,0.632511069,
43104,271.61,0.42148852,
43105,273.42,0.666396672,
43108,273.92,0.182868846,
43109,274.54,0.226343458,
43110,274.12,-0.152983172,
43111,276.12,0.729607471,
43112,277.92,0.651890482,
43116,276.97,-0.341824986,
43117,279.61,0.953171824,
43118,279.14,-0.16809127,
43119,280.41,0.454968833,
43122,282.69,0.813095111,
43123,283.29,0.212246631,
43124,283.18,-0.038829468,
43125,283.3,0.042375874,
43126,286.58,1.157783269,
43129,284.68,-0.662991137,
43130,281.76,-1.025713081,
43131,281.9,0.049687677,
43132,281.58,-0.113515431,2
43133,275.45,-2.177001207,
43136,263.93,-4.182247232,
43137,269.13,1.970219376,
43138,267.67,-0.54248876,
43139,257.63,-3.750887287,
43140,261.5,1.502154252,
43143,265.34,1.468451243,
43144,266,0.248737469,
43145,269.59,1.34962406,
43146,273.03,1.276011722,
43147,273.11,0.029300809,
43151,271.4,-0.626121343,
43152,270.05,-0.497420781,
43153,270.4,0.129605629,
43154,274.71,1.593934911,
43157,277.9,1.161224564,
43158,274.43,-1.248650594,
43159,271.65,-1.013008782,
43160,267.7,-1.454076937,3
43161,269.08,0.515502428,
43164,272.19,1.1557901,
43165,272.88,0.253499394,
43166,272.78,-0.036646145,
43167,274.1,0.483906445,
43168,278.87,1.740240788,
43171,278.52,-0.125506508,
43172,276.72,-0.646273158,
43173,275.3,-0.513154091,
43174,275,-0.108972031,
43175,274.2,-0.290909091,
43178,270.49,-1.353026988,
43179,270.95,0.17006174,
43180,270.43,-0.191917328,
43181,263.67,-2.499722664,
43182,258.05,-2.131452194,
43185,265.11,2.735903895,
43186,260.6,-1.701180642,
43187,259.83,-0.295471988,
43188,263.15,1.277758534,
43192,257.47,-2.158464754,4
43193,260.77,1.281702723,
43194,263.56,1.069908348,
43195,265.64,0.789194111,
43196,259.72,-2.228580033,
43199,261,0.492838441,
43200,265.15,1.590038314,
43201,263.76,-0.524231567,
43202,265.93,0.822717622,
43203,265.15,-0.29331027,
43206,267.33,0.822176127,
43207,270.19,1.069838776,
43208,270.39,0.074021985,
43209,268.89,-0.554754244,
43210,266.61,-0.84793038,
43213,266.57,-0.015003188,
43214,262.98,-1.346738193,
43215,263.63,0.247167085,
43216,266.31,1.016576262,
43217,266.56,0.093875559,
43220,264.51,-0.769057623,
43221,264.98,0.177687044,5
43222,263.2,-0.671748811,
43223,262.62,-0.220364742,
43224,266.02,1.294646257,
43227,266.92,0.338320427,
43228,266.92,0,
43229,269.5,0.966581747,
43230,272.02,0.935064935,
43231,272.85,0.305124623,
43234,272.98,0.047645226,
43235,271.1,-0.688695143,
43236,272.24,0.420509037,
43237,272.01,-0.084484279,
43238,271.33,-0.249990809,
43241,273.37,0.751851988,
43242,272.61,-0.278011486,
43243,273.36,0.275118301,
43244,272.8,-0.204858063,
43245,272.15,-0.238269795,
43249,269.02,-1.150101047,
43250,272.61,1.334473273,
43251,270.94,-0.61259675,
43252,273.6,0.981767181,6
43255,274.9,0.475146199,
43256,275.1,0.072753729,
43257,277.4,0.836059615,
43258,277.37,-0.010814708,
43259,278.19,0.295633991,
43262,278.56,0.133002624,
43263,278.92,0.129236071,
43264,278.03,-0.319087911,
43265,278.73,0.251771392,
43266,277.13,-0.574032218,
43269,276.56,-0.205679645,
43270,275.5,-0.383280301,
43271,275.97,0.170598911,
43272,274.24,-0.626879733,
43273,274.74,0.182322054,
43276,271,-1.361287035,
43277,271.6,0.221402214,
43278,269.35,-0.828424153,
43279,270.89,0.571746798,
43280,271.28,0.143969877,
43283,271.86,0.213801239,7
43284,270.9,-0.353122931,
43286,273.11,0.815799188,
43287,275.42,0.845813042,
43290,277.9,0.90044296,
43291,278.9,0.35984167,
43292,276.86,-0.731444962,
43293,279.37,0.906595391,
43294,279.59,0.078748613,
43297,279.34,-0.089416646,
43298,280.47,0.404524952,
43299,281.06,0.210361179,
43300,280,-0.37714367,
43301,279.68,-0.114285714,
43304,280.2,0.185926773,
43305,281.61,0.503211991,
43306,284.01,0.852242463,
43307,283.34,-0.235907186,
43308,281.42,-0.677631115,
43311,279.95,-0.522350935,
43312,281.33,0.492945169,
43313,280.86,-0.167063591,8
43314,282.39,0.544755394,
43315,283.6,0.428485428,
43318,284.64,0.366713681,
43319,285.58,0.330241709,
43320,285.46,-0.042019749,
43321,285.07,-0.136621593,
43322,283.16,-0.670010875,
43325,282.1,-0.374346659,
43326,283.9,0.638071606,
43327,281.78,-0.74674181,
43328,284.06,0.809141884,
43329,285.06,0.352038302,
43332,285.67,0.213990037,
43333,286.34,0.234536353,
43334,286.17,-0.05936998,
43335,285.79,-0.132788203,
43336,287.51,0.601840512,
43339,289.78,0.789537755,
43340,289.92,0.048312513,
43341,291.48,0.53807947,
43342,290.3,-0.40483052,
43343,290.31,0.003444712,
43347,289.81,-0.172229686,9
43348,289.03,-0.269141852,
43349,288.16,-0.301006816,
43350,287.6,-0.19433648,
43353,288.1,0.173852573,
43354,289.05,0.329746616,
43355,289.12,0.024217263,
43356,290.83,0.591449917,
43357,290.88,0.017192174,
43360,289.34,-0.529427943,
43361,290.91,0.542614225,
43362,291.22,0.106562167,
43363,293.58,0.810383902,
43364,291.99,-0.541590027,
43367,291.02,-0.332203158,
43368,290.75,-0.092777129,
43369,289.88,-0.299226139,
43370,290.69,0.279425969,
43371,290.72,0.010320272,
43374,291.73,0.347413319,10
43375,291.56,-0.058273061,
43376,291.72,0.054877212,
43377,289.44,-0.78157137,
43378,287.82,-0.559701493,
43381,287.82,0,
43382,287.4,-0.145924536,
43383,278.3,-3.16631872,
43384,272.17,-2.202659001,
43385,275.95,1.388837859,
43388,274.4,-0.561695959,
43389,280.4,2.186588921,
43390,280.45,0.017831669,
43391,276.4,-1.444107684,
43392,276.25,-0.054269175,
43395,275.01,-0.448868778,
43396,273.61,-0.509072397,
43397,265.32,-3.02986002,
43398,270.08,1.794060003,
43399,265.33,-1.758738152,
43402,263.86,-0.554027061,
43403,267.77,1.481846434,
43404,270.63,1.068080816,
43405,273.51,1.064183572,11
43406,271.89,-0.592300099,
43409,273.39,0.5516937,
43410,275.12,0.63279564,
43411,281.01,2.140883978,
43412,280.5,-0.181488203,
43413,277.76,-0.976827094,
43416,272.57,-1.868519585,
43417,272.06,-0.187107899,
43418,270.2,-0.683672719,
43419,273.02,1.043671355,
43420,273.73,0.260054208,
43423,269.1,-1.691447777,
43424,264.12,-1.850613155,
43425,265.02,0.340754203,
43427,263.25,-0.667874123,
43430,267.5,1.614434948,
43431,268.4,0.336448598,
43432,274.58,2.302533532,
43433,273.98,-0.218515551,
43434,275.65,0.609533543,
43437,279.3,1.324142935,12
43438,270.25,-3.240243466,
43440,269.84,-0.151711378,
43441,263.57,-2.32359917,
43444,264.07,0.189702925,
43445,264.13,0.022721248,
43446,265.46,0.503539924,
43447,265.37,-0.033903413,
43448,260.47,-1.846478502,
43451,255.36,-1.961838216,
43452,255.08,-0.109649123,
43453,251.26,-1.49756939,
43454,247.17,-1.627795909,
43455,240.7,-2.61763159,
43458,234.34,-2.642293311,
43460,246.18,5.052487838,
43461,248.07,0.767730929,
43462,247.75,-0.128995848,
43465,249.92,0.875882947,
43467,250.18,0.104033291,1
43468,244.21,-2.386281877,
43469,252.39,3.349576184,
43472,254.38,0.7884623,
43473,256.77,0.939539272,
43474,257.97,0.467344316,
43475,258.88,0.352754196,
43476,258.98,0.038627936,
43479,257.4,-0.610085721,
43480,260.35,1.146076146,
43481,260.98,0.241981947,
43482,262.96,0.758678826,
43483,266.46,1.331000913,
43487,262.86,-1.351047061,
43488,263.41,0.209236856,
43489,263.55,0.053149083,
43490,265.78,0.846139253,
43493,263.76,-0.76002709,
43494,263.41,-0.132696391,
43495,267.58,1.583083406,
43496,269.93,0.878242021,
43497,270.06,0.048160634,2
43500,271.96,0.70354736,
43501,273.1,0.419179291,
43502,272.74,-0.131819846,
43503,270.14,-0.953288847,
43504,270.47,0.122158881,
43507,270.62,0.055459016,
43508,274.1,1.285935999,
43509,274.99,0.324699015,
43510,274.38,-0.221826248,
43511,277.37,1.089729572,
43515,277.85,0.173054043,
43516,278.41,0.201547598,
43517,277.42,-0.355590676,
43518,279.14,0.619998558,
43521,279.52,0.136132407,
43522,279.32,-0.071551231,
43523,279.2,-0.042961478,
43524,278.68,-0.186246418,
43525,280.42,0.62437204,3
43528,279.4,-0.363740104,
43529,279.02,-0.136005727,
43530,277.33,-0.605691348,
43531,275.01,-0.836548516,
43532,274.46,-0.199992728,
43535,278.44,1.450120236,
43536,279.49,0.377100991,
43537,281.34,0.661919926,
43538,281.16,-0.063979527,
43539,281.31,0.053350405,
43542,282.33,0.362589314,
43543,282.4,0.024793681,
43544,281.55,-0.300991501,
43545,284.73,1.129461907,
43546,279.25,-1.924630352,
43549,279.04,-0.075201432,
43550,281.12,0.745412844,
43551,279.65,-0.522908367,
43552,280.71,0.379045235,
43553,282.48,0.630543978,
43556,285.83,1.185924667,4
43557,285.97,0.048980163,
43558,286.42,0.157359164,
43559,287.18,0.265344599,
43560,288.57,0.484016993,
43563,288.79,0.076238001,
43564,287.31,-0.512483119,
43565,288.29,0.341094985,
43566,288.21,-0.027749835,
43567,290.16,0.676589986,
43570,289.97,-0.065481114,
43571,290.16,0.06552402,
43572,289.45,-0.244692583,
43573,290.02,0.196925203,
43577,290.27,0.086200952,
43578,292.88,0.899162848,
43579,292.23,-0.221933898,
43580,292.05,-0.061595319,
43581,293.41,0.465673686,
43584,293.87,0.156777206,
43585,294.02,0.051042978,
43586,291.81,-0.751649548,5
43587,291.18,-0.215893904,
43588,294.03,0.978776015,
43591,292.82,-0.411522634,
43592,287.93,-1.669967898,
43593,287.53,-0.138922655,
43594,286.66,-0.302577122,
43595,288.1,0.502337264,
43598,280.86,-2.513016314,
43599,283.4,0.904365164,
43600,285.06,0.585744531,
43601,287.7,0.926120817,
43602,285.84,-0.646506778,
43605,283.95,-0.661209068,
43606,286.51,0.901567177,
43607,285.63,-0.307144602,
43608,282.14,-1.221860449,
43609,282.78,0.22683774,
43613,280.15,-0.93005163,
43614,278.27,-0.67106907,
43615,279.03,0.273116038,
43616,275.27,-1.347525356,
43619,274.57,-0.254295782,6
43620,280.53,2.170666861,
43621,282.96,0.866217517,
43622,284.8,0.650268589,
43623,287.65,1.000702247,
43626,288.97,0.458891013,
43627,288.9,-0.024223968,
43628,288.39,-0.176531672,
43629,289.58,0.412635667,
43630,289.26,-0.110504869,
43633,289.37,0.038028072,
43634,292.4,1.047102326,
43635,293.06,0.225718194,
43636,295.86,0.955435747,
43637,294,-0.628675725,
43640,293.64,-0.12244898,
43641,290.76,-0.980792808,
43642,290.47,-0.099738616,
43643,291.5,0.354597721,
43644,293,0.51457976,
43647,295.66,0.907849829,7
43648,296.43,0.260434283,
43649,298.8,0.799514219,
43651,298.46,-0.113788487,
43654,296.82,-0.549487368,
43655,297.19,0.124654673,
43656,298.61,0.477808809,
43657,299.31,0.234419477,
43658,300.65,0.447696368,
43661,300.75,0.033261267,
43662,299.71,-0.345802161,
43663,297.74,-0.657302059,
43664,298.83,0.366091221,
43665,297.17,-0.555499782,
43668,297.9,0.245650638,
43669,300.03,0.715005035,
43670,301.44,0.469953005,
43671,300,-0.477707006,
43672,302.01,0.67,
43675,301.46,-0.182113175,
43676,300.72,-0.245472036,
43677,297.43,-1.094040968,
43678,294.84,-0.870793128,8
43679,292.62,-0.752950753,
43682,283.82,-3.007313239,
43683,287.8,1.402297231,
43684,287.97,0.059068798,
43685,293.62,1.962009932,
43686,291.62,-0.68115251,
43689,288.07,-1.217337631,
43690,292.55,1.555177561,
43691,283.9,-2.956759528,
43692,284.65,0.264177527,
43693,288.85,1.475496223,
43696,292.33,1.204777566,
43697,290.09,-0.766257312,
43698,292.45,0.813540625,
43699,292.36,-0.030774491,
43700,284.85,-2.568750855,
43703,288,1.105845182,
43704,286.87,-0.392361111,
43705,288.89,0.704151706,
43706,292.58,1.27730278,
43707,292.45,-0.044432292,
43711,290.74,-0.584715336,9
43712,294.04,1.135034739,
43713,297.82,1.285539382,
43714,298.05,0.077227856,
43717,298.2,0.050327126,
43718,298.13,-0.023474178,
43719,300.25,0.711099185,
43720,301.29,0.346378018,
43721,301.09,-0.066381227,
43724,300.16,-0.308877744,
43725,300.92,0.253198294,
43726,301.1,0.059816563,
43727,301.08,-0.006642312,
43728,298.28,-0.929985386,
43731,298.21,-0.023467883,
43732,295.87,-0.784681936,
43733,297.62,0.591475986,
43734,297,-0.208319333,
43735,295.4,-0.538720539,
43738,296.77,0.463777928,
43739,293.24,-1.18947333,10
43740,288.06,-1.76647115,
43741,290.42,0.819273762,
43742,294.35,1.353212589,
43745,293.08,-0.431459147,
43746,288.53,-1.552477139,
43747,291.27,0.949641285,
43748,293.24,0.676348405,
43749,296.28,1.036693493,
43752,295.95,-0.111381126,
43753,298.88,0.9900321,
43754,298.4,-0.160599572,
43755,299.28,0.294906166,
43756,297.97,-0.437717188,
43759,299.99,0.677920596,
43760,299.01,-0.326677556,
43761,299.88,0.290960169,
43762,300.37,0.163398693,
43763,301.6,0.409494956,
43766,303.3,0.563660477,
43767,303.21,-0.029673591,
43768,304.14,0.306718116,
43769,303.33,-0.266324719,
43770,306.14,0.926383806,11
43773,307.37,0.401776965,
43774,307.03,-0.11061587,
43775,307.1,0.022799075,
43776,308.18,0.351676978,
43777,308.94,0.246609125,
43780,308.35,-0.190975594,
43781,309,0.210799416,
43782,309.1,0.03236246,
43783,309.55,0.145583953,
43784,311.79,0.723631077,
43787,312.02,0.0737676,
43788,311.93,-0.028844305,
43789,310.77,-0.371878306,
43790,310.27,-0.160890691,
43791,310.96,0.222386953,
43794,313.37,0.775019295,
43795,314.08,0.226569231,
43796,315.48,0.445746307,
43798,314.31,-0.370863446,
43801,311.64,-0.849479813,12
43802,309.55,-0.670645617,
43803,311.46,0.617024713,
43804,312.02,0.179798369,
43805,314.87,0.913402987,
43808,313.88,-0.314415473,
43809,313.53,-0.111507583,
43810,314.42,0.283864383,
43811,317.13,0.861904459,
43812,317.32,0.059912339,
43815,319.5,0.687003656,
43816,319.57,0.021909233,
43817,319.59,0.00625841,
43818,320.9,0.409900185,
43819,320.73,-0.052976005,
43822,321.22,0.152776479,
43823,321.23,0.003113131,
43825,322.94,0.532328861,
43826,322.86,-0.024772404,
43829,321.08,-0.551322555,
43830,321.86,0.242930111,
43832,324.87,0.935189213,1
43833,322.41,-0.757225967,
43836,323.64,0.381501814,
43837,322.73,-0.281176616,
43838,324.45,0.532953243,
43839,326.65,0.678070581,
43840,325.71,-0.287769784,
43843,327.95,0.687728347,
43844,327.45,-0.152462266,
43845,328.19,0.225988701,
43846,330.92,0.831835217,
43847,331.95,0.311253475,
43851,331.3,-0.195812622,
43852,331.34,0.012073649,
43853,331.72,0.114685821,
43854,328.77,-0.889304232,
43857,323.5,-1.602944308,
43858,326.89,1.047913447,
43859,326.62,-0.082596592,
43860,327.68,0.324536158,
43861,321.73,-1.815795898,
43864,324.12,0.742858919,2
43865,329.06,1.524126867,
43866,332.86,1.154804595,
43867,333.98,0.336477798,
43868,332.2,-0.532966046,
43871,334.68,0.74653823,
43872,335.26,0.173299869,
43873,337.42,0.644276084,
43874,337.06,-0.106691957,
43875,337.6,0.160208865,
43879,336.73,-0.257701422,
43880,338.34,0.478127877,
43881,336.95,-0.410829343,
43882,333.48,-1.029826384,
43885,322.42,-3.316540722,
43886,312.65,-3.030209044,
43887,311.5,-0.367823445,
43888,297.51,-4.49117175,
43889,296.26,-0.420153944,
43892,309.09,4.330655505,3
43893,300.24,-2.863243715,
43894,312.86,4.203304023,
43895,302.46,-3.324170556,
43896,297.46,-1.653111155,
43899,274.23,-7.809453372,
43900,288.42,5.174488568,
43901,274.36,-4.87483531,
43902,248.11,-9.567721242,
43903,269.32,8.548627625,
43906,239.85,-10.94237338,
43907,252.8,5.399207838,
43908,240,-5.063291139,
43909,240.51,0.2125,
43910,228.8,-4.868820423,
43913,222.95,-2.556818182,
43914,243.15,9.060327428,
43915,246.79,1.497018301,
43916,261.2,5.838972406,
43917,253.42,-2.97856049,
43920,261.65,3.247573199,
43921,257.75,-1.490540799,
43922,246.15,-4.500484966,4
43923,251.83,2.307536055,
43924,248.19,-1.445419529,
43927,264.86,6.71662839,
43928,265.13,0.101940648,
43929,274.03,3.356843812,
43930,278.2,1.521731197,
43934,275.66,-0.913012221,
43935,283.79,2.949285352,
43936,277.76,-2.124810599,
43937,279.1,0.482430876,
43938,286.64,2.701540666,
43941,281.59,-1.761791795,
43942,273.04,-3.036329415,
43943,279.1,2.219455025,
43944,279.08,-0.00716589,
43945,282.97,1.393865558,
43948,287.05,1.441848959,
43949,285.73,-0.4598502,
43950,293.21,2.617856018,
43951,290.48,-0.931073292,
43952,282.79,-2.64734233,5
43955,283.57,0.275823049,
43956,286.19,0.923934126,
43957,284.25,-0.677871344,
43958,287.68,1.206684257,
43959,292.44,1.65461624,
43962,292.5,0.020517029,
43963,286.67,-1.993162393,
43964,281.6,-1.768584086,
43965,284.97,1.196732955,
43966,286.28,0.459697512,
43969,295,3.045968981,
43970,291.97,-1.027118644,
43971,296.93,1.698804672,
43972,294.88,-0.69039841,
43973,295.44,0.189907759,
43977,299.08,1.232060655,
43978,303.53,1.487896215,
43979,302.97,-0.184495766,
43980,304.32,0.445588672,
43983,305.55,0.404179811,6
43984,308.08,0.828015055,
43985,312.18,1.330823163,
43986,311.36,-0.262668973,
43987,319.34,2.56294964,
43990,323.2,1.208743033,
43991,320.79,-0.745668317,
43992,319,-0.557997444,
43993,300.61,-5.764890282,
43994,304.21,1.197564951,
43997,307.05,0.933565629,
43998,312.96,1.924767953,
43999,311.66,-0.415388548,
44000,311.78,0.038503497,
44001,308.64,-1.007120405,
44004,310.62,0.641524106,
44005,312.05,0.460369583,
44006,304.09,-2.550873257,
44007,307.35,1.072051038,
44008,300.05,-2.375142346,
44011,304.46,1.469755041,
44012,308.36,1.280956447,
44013,310.52,0.700479958,7
44014,312.23,0.550689167,
44018,317.05,1.543733786,
44019,313.78,-1.031383063,
44020,316.18,0.764867104,
44021,314.38,-0.569295971,
44022,317.59,1.021057319,
44025,314.84,-0.865896281,
44026,318.92,1.295896328,
44027,321.85,0.918725699,
44028,320.79,-0.329345969,
44029,321.72,0.289909286,
44032,324.32,0.808156161,
44033,325.01,0.212752837,
44034,326.86,0.569213255,
44035,322.96,-1.193171388,
44036,320.88,-0.644042606,
44039,323.22,0.729244577,
44040,321.17,-0.634242931,
44041,325.12,1.229878258,
44042,323.96,-0.356791339,
44043,326.52,0.790221015,
44046,328.79,0.695210094,8
44047,330.06,0.386264789,
44048,332.11,0.621099194,
44049,334.33,0.668453223,
44050,334.57,0.071785362,
44053,335.57,0.298891114,
44054,332.8,-0.825461156,
44055,337.44,1.394230769,
44056,336.83,-0.180772878,
44057,336.84,0.002968857,
44060,337.91,0.317658235,
44061,338.64,0.216033855,
44062,337.23,-0.416371368,
44063,338.28,0.311360199,
44064,339.48,0.354735722,
44067,342.92,1.013314481,
44068,344.12,0.349935845,
44069,347.57,1.002557247,
44070,348.33,0.218660989,
44071,350.58,0.645939196,
44074,349.31,-0.362256832,
44075,352.6,0.941856803,9
44076,357.7,1.446398185,
44077,345.39,-3.441431367,
44078,342.57,-0.81646834,
44082,333.21,-2.732288291,
44083,339.79,1.97473065,
44084,333.89,-1.736366579,
44085,334.06,0.050914972,
44088,338.46,1.31712866,
44089,340.17,0.505229569,
44090,338.82,-0.396860393,
44091,335.84,-0.879523051,
44092,330.65,-1.545378752,
44095,326.97,-1.112959323,
44096,330.3,1.018442059,
44097,322.64,-2.319103845,
44098,323.5,0.266550955,
44099,328.73,1.616692427,
44102,334.19,1.660937548,
44103,332.37,-0.544600377,
44104,334.89,0.758191172,
44105,337.04,0.642001851,10
44106,333.84,-0.949442203,
44109,339.76,1.773304577,
44110,334.93,-1.421591712,
44111,340.76,1.740662228,
44112,343.78,0.886254255,
44113,346.85,0.893012973,
44116,352.43,1.608764596,
44117,350.13,-0.652611866,
44118,347.93,-0.628338046,
44119,347.5,-0.123588078,
44120,347.29,-0.060431655,
44123,342.01,-1.520343229,
44124,343.38,0.400573083,
44125,342.73,-0.189294659,
44126,344.61,0.548536749,
44127,345.78,0.339514233,
44130,339.39,-1.847995836,
44131,338.22,-0.344736144,
44132,326.66,-3.417893679,
44133,329.98,1.016347272,
44134,326.54,-1.042487423,
44137,330.2,1.120842776,11
44138,336.03,1.765596608,
44139,343.54,2.234919501,
44140,350.24,1.950282354,
44141,350.16,-0.02284148,
44144,354.56,1.256568426,
44145,354.04,-0.14666065,
44146,356.67,0.742853915,
44147,353.21,-0.970084392,
44148,358.1,1.384445514,
44151,362.57,1.248254677,
44152,360.62,-0.537827178,
44153,356.28,-1.203482891,
44154,357.78,0.421017178,
44155,355.33,-0.684778355,
44158,357.46,0.599442772,
44159,363.22,1.611369104,
44160,362.66,-0.154176532,
44162,363.67,0.278497767,
44165,362.06,-0.442709049,
44166,366.02,1.093741369,12
44167,366.79,0.210371018,
44168,366.69,-0.027263557,
44169,369.85,0.861763342,
44172,369.09,-0.205488712,
44173,370.17,0.292611558,
44174,366.85,-0.896885215,
44175,366.73,-0.032710917,
44176,366.3,-0.117252475,
44179,364.66,-0.447720448,
44180,369.59,1.351944277,
44181,370.17,0.156930653,
44182,372.24,0.559202529,
44183,369.18,-0.82205029,
44186,367.86,-0.357549163,
44187,367.24,-0.16854238,
44188,367.57,0.089859492,
44189,369,0.389041543,
44193,372.17,0.859078591,
44194,371.46,-0.190773034,
44195,371.99,0.142680235,
44196,373.88,0.508078174,
44200,368.79,-1.361399379,1
44201,371.33,0.688738849,
44202,373.55,0.597850968,
44203,379.1,1.48574488,
44204,381.26,0.569770509,
44207,378.69,-0.67408068,
44208,378.77,0.021125459,
44209,379.79,0.269292711,
44210,378.46,-0.350193528,
44211,375.7,-0.729271257,
44215,378.65,0.785200958,
44216,383.89,1.383863726,
44217,384.24,0.09117195,
44218,382.88,-0.353945451,
44221,384.39,0.39437944,
44222,383.79,-0.15609147,
44223,374.41,-2.44404492,
44224,377.63,0.860019764,
44225,370.07,-2.00195959,
44228,376.23,1.66454995,2
44229,381.55,1.414028653,
44230,381.85,0.078626654,
44231,386.19,1.136571952,
44232,387.71,0.393588648,
44235,390.51,0.722189265,
44236,390.25,-0.066579601,
44237,390.08,-0.043561819,
44238,390.71,0.161505332,
44239,392.64,0.493972512,
44243,392.3,-0.086593317,
44244,392.39,0.022941626,
44245,390.72,-0.425596983,
44246,390.03,-0.176597052,
44249,387.03,-0.769171602,
44250,387.5,0.121437615,
44251,391.77,1.101935484,
44252,382.33,-2.409577048,
44253,380.36,-0.515261685,
44256,389.58,2.42401935,3
44257,386.54,-0.780327532,
44258,381.42,-1.324571843,
44259,376.7,-1.237480992,
44260,383.63,1.839660207,
44263,381.72,-0.497875557,
44264,387.17,1.427748088,
44265,389.58,0.622465584,
44266,393.53,1.013912419,
44267,394.06,0.134678424,
44270,396.41,0.596355885,
44271,395.91,-0.126132035,
44272,397.26,0.340986588,
44273,391.48,-1.454966521,
44274,389.48,-0.510881782,
44277,392.59,0.798500565,
44278,389.5,-0.787080669,
44279,387.52,-0.508344031,
44280,389.7,0.56255161,
44281,395.98,1.611496023,
44284,395.78,-0.050507601,
44285,394.73,-0.265298903,
44286,396.33,0.405340359,
44287,400.61,1.079908157,4
44291,406.36,1.43531115,
44292,406.12,-0.059060931,
44293,406.59,0.115729341,
44294,408.52,0.474679653,
44295,411.49,0.727014589,
44298,411.64,0.036452891,
44299,412.86,0.296375474,
44300,411.45,-0.341520128,
44301,415.87,1.074249605,
44302,417.26,0.334239065,
44305,415.21,-0.491300388,
44306,412.17,-0.73215963,
44307,416.07,0.946211515,
44308,412.27,-0.913307857,
44309,416.74,1.08424091,
44312,417.61,0.208763258,
44313,417.52,-0.021551208,
44314,417.4,-0.028741138,
44315,420.06,0.63727839,
44316,417.3,-0.657048993,
44319,418.2,0.215672178,5
44320,415.62,-0.616929699,
44321,415.75,0.031278572,
44322,419.07,0.798556825,
44323,422.12,0.727802038,
44326,417.94,-0.990239742,
44327,414.21,-0.892472604,
44328,405.41,-2.124526207,
44329,410.28,1.201253052,
44330,416.58,1.535536707,
44333,415.52,-0.254452926,
44334,411.94,-0.861571044,
44335,410.86,-0.262174103,
44336,415.28,1.075792241,
44337,414.94,-0.081872472,
44340,419.17,1.019424495,
44341,418.24,-0.221867023,
44342,419.07,0.19845065,
44343,419.29,0.052497196,
44344,420.04,0.17887381,
44348,419.67,-0.088086849,6
44349,420.33,0.157266424,
44350,418.77,-0.371136964,
44351,422.6,0.914583184,
44354,422.19,-0.097018457,
44355,422.28,0.021317416,
44356,421.65,-0.149190111,
44357,423.61,0.464840508,
44358,424.31,0.165246335,
44361,425.26,0.223892908,
44362,424.48,-0.183417204,
44363,422.11,-0.558330192,
44364,421.97,-0.03316671,
44365,414.92,-1.670734886,
44368,420.86,1.431601273,
44369,423.11,0.534619588,
44370,422.6,-0.120536031,
44371,425.1,0.591575958,
44372,426.61,0.355210539,
44375,427.47,0.201589274,
44376,427.7,0.053804945,
44377,428.06,0.084171148,
44378,430.43,0.553660702,7
44379,433.72,0.764351927,
44383,432.93,-0.182145163,
44384,434.46,0.353405862,
44385,430.92,-0.814804585,
44386,435.52,1.067483524,
44389,437.08,0.358192506,
44390,435.59,-0.340898691,
44391,436.24,0.149222893,
44392,434.75,-0.341555107,
44393,431.34,-0.784358827,
44396,424.97,-1.476793249,
44397,431.06,1.433042332,
44398,434.55,0.80963207,
44399,435.46,0.209412035,
44400,439.94,1.028797134,
44403,441.02,0.245488021,
44404,439.01,-0.455761643,
44405,438.83,-0.041001344,
44406,440.65,0.414739193,
44407,438.51,-0.485646204,
44410,437.59,-0.209801373,8
44411,441.15,0.813546927,
44412,438.98,-0.49189618,
44413,441.76,0.633286254,
44414,442.49,0.165248099,
44417,442.13,-0.081357771,
44418,442.68,0.124397802,
44419,443.78,0.248486491,
44420,445.11,0.299698049,
44421,445.92,0.181977489,
44424,446.97,0.235468245,
44425,444.04,-0.655524979,
44426,439.18,-1.094495991,
44427,439.86,0.154834009,
44428,443.36,0.795707725,
44431,447.26,0.879646337,
44432,447.97,0.158744355,
44433,448.91,0.20983548,
44434,446.26,-0.590318772,
44435,450.25,0.894097611,
44438,452.23,0.439755691,
44439,451.56,-0.1481547,
44440,451.8,0.053149083,9
44441,453.19,0.307658256,
44442,453.08,-0.02427238,
44446,451.46,-0.35755275,
44447,450.91,-0.121826961,
44448,448.98,-0.428023331,
44449,445.44,-0.788453829,
44452,446.58,0.255926724,
44453,444.17,-0.539656948,
44454,447.88,0.835265777,
44455,447.17,-0.158524605,
44456,441.4,-1.290337008,
44459,434.04,-1.66742184,
44460,433.63,-0.09446134,
44461,437.86,0.975486013,
44462,443.18,1.215000228,
44463,443.91,0.164718624,
44466,442.64,-0.286094028,
44467,433.72,-2.015181637,
44468,434.45,0.168311353,
44469,429.14,-1.22223501,
44470,434.24,1.188423358,10
44473,428.64,-1.289609433,
44474,433.1,1.040500187,
44475,434.9,0.415608405,
44476,438.66,0.864566567,
44477,437.86,-0.182373592,
44480,434.69,-0.7239757,
44481,433.62,-0.24615243,
44482,435.18,0.359762004,
44483,442.5,1.682062595,
44484,445.87,0.761581921,
44487,447.19,0.296050418,
44488,450.64,0.771484157,
44489,452.41,0.39277472,
44490,453.59,0.260825358,
44491,453.12,-0.103617805,
44494,455.55,0.53628178,
44495,455.96,0.090001098,
44496,453.94,-0.443021318,
44497,458.32,0.964885227,
44498,459.25,0.202914994,
44501,460.04,0.172019597,11
44502,461.9,0.404312668,
44503,464.72,0.610521758,
44504,466.91,0.471251506,
44505,468.53,0.346961941,
44508,468.93,0.085373402,
44509,467.38,-0.330539739,
44510,463.62,-0.804484574,
44511,463.77,0.032354083,
44512,467.27,0.754684434,
44515,467.43,0.034241445,
44516,469.28,0.395781186,
44517,468.14,-0.242925332,
44518,469.73,0.339641987,
44519,468.89,-0.178826134,
44522,467.57,-0.281515921,
44523,468.19,0.132600466,
44524,469.44,0.266985625,
44526,458.97,-2.230316973,
44529,464.6,1.226659695,
44530,455.56,-1.945759793,
44531,450.5,-1.110720871,12
44532,457.4,1.531631521,
44533,453.42,-0.870135549,
44536,458.79,1.184332407,
44537,468.28,2.068484492,
44538,469.52,0.264798838,
44539,466.35,-0.675157608,
44540,470.74,0.941353061,
44543,466.57,-0.885839317,
44544,463.36,-0.687999657,
44545,470.6,1.5625,
44546,466.45,-0.881852954,
44547,459.87,-1.410654947,
44550,454.98,-1.063343989,
44551,463.06,1.775902237,
44552,467.69,0.999870427,
44553,470.6,0.622207017,
44557,477.26,1.41521462,
44558,476.87,-0.081716465,
44559,477.48,0.127917462,
44560,476.16,-0.27645137,
44561,474.96,-0.252016129,