,Date,SPY,UPDOWN,MONTH,CLASS
0,42705,219.57,0.0,12.0,1
1,42706,219.68,0.050097919000000005,,2
2,42709,221.0,0.6008739989999999,,2
3,42710,221.7,0.316742081,,2
4,42711,224.6,1.308073974,,2
5,42712,225.15,0.24487978600000002,,2
6,42713,226.51,0.60404175,,2
7,42716,226.25,-0.11478521900000001,,1
8,42717,227.76,0.667403315,,2
9,42718,225.88,-0.825430277,,1
10,42719,226.81,0.41172303899999996,,2
11,42720,225.04,-0.7803888720000001,,1
12,42723,225.53,0.21773906899999998,,2
13,42724,226.4,0.38575799200000005,,2
14,42725,225.77,-0.27826855100000003,,1
15,42726,225.38,-0.17274217100000003,,1
16,42727,225.71,0.146419381,,2
17,42731,226.27,0.248105977,,2
18,42732,224.4,-0.826446281,,1
19,42733,224.35,-0.02228164,,1
20,42734,223.53,-0.365500334,,1
21,42738,225.24,0.764997987,1.0,2
22,42739,226.58,0.594920973,,2
23,42740,226.4,-0.07944214,,1
24,42741,227.21,0.357773852,,2
25,42744,226.46,-0.330091105,,1
26,42745,226.46,0.0,,1
27,42746,227.1,0.28261061600000004,,2
28,42747,226.53,-0.250990753,,1
29,42748,227.05,0.22955017,,2
30,42752,226.25,-0.352345298,,1
31,42753,226.75,0.220994475,,2
32,42754,225.91,-0.37045204,,1
33,42755,226.74,0.36740294799999995,,2
34,42758,226.15,-0.260209932,,1
35,42759,227.6,0.641167367,,2
36,42760,229.57,0.865553603,,2
37,42761,229.33,-0.10454327699999999,,1
38,42762,228.97,-0.156979026,,1
39,42765,227.55,-0.620168581,,1
40,42766,227.53,-0.008789277,,1
41,42767,227.62,0.039555223,2.0,2
42,42768,227.77,0.06589930599999999,,2
43,42769,229.34,0.6892918290000001,,2
44,42772,228.93,-0.178773873,,1
45,42773,228.94,0.004368147,,2
46,42774,229.24,0.1310387,,2
47,42775,230.6,0.5932647010000001,,2
48,42776,231.51,0.39462272299999995,,2
49,42779,232.77,0.544252948,,2
50,42780,233.7,0.39953602299999996,,2
51,42781,234.92,0.522036799,,2
52,42782,234.72,-0.085135365,,1
53,42783,235.09,0.157634628,,2
54,42787,236.49,0.595516611,,2
55,42788,236.28,-0.08879868099999999,,1
56,42789,236.44,0.06771626900000001,,2
57,42790,236.74,0.126882084,,2
58,42793,237.11,0.1562896,,2
59,42794,236.47,-0.269916916,,1
60,42795,239.78,1.3997547259999998,3.0,2
61,42796,238.27,-0.629743932,,1
62,42797,238.42,0.06295379200000001,,2
63,42800,237.71,-0.29779380899999996,,1
64,42801,237.0,-0.29868327,,1
65,42802,236.56,-0.185654008,,1
66,42803,236.86,0.126817721,,2
67,42804,237.69,0.35041796799999997,,2
68,42807,237.81,0.050485927,,2
69,42808,236.9,-0.382658425,,1
70,42809,238.95,0.865344027,,2
71,42810,238.48,-0.196693869,,1
72,42811,237.03,-0.608017444,,1
73,42814,236.77,-0.109690756,,1
74,42815,233.73,-1.2839464459999999,,1
75,42816,234.28,0.235314251,,2
76,42817,234.03,-0.10670992,,1
77,42818,233.86,-0.07264026,,1
78,42821,233.62,-0.102625502,,1
79,42822,235.32,0.727677425,,2
80,42823,235.54,0.093489716,,2
81,42824,236.29,0.318417254,,2
82,42825,235.74,-0.232764823,,1
83,42828,235.33,-0.17392042100000002,4.0,1
84,42829,235.48,0.06374028,,2
85,42830,234.78,-0.297265161,,1
86,42831,235.44,0.281114235,,2
87,42832,235.2,-0.10193679900000001,,1
88,42835,235.34,0.05952381,,2
89,42836,235.06,-0.11897680000000001,,1
90,42837,234.03,-0.438185995,,1
91,42838,232.51,-0.6494893820000001,,1
92,42842,234.57,0.885983399,,2
93,42843,233.87,-0.298418383,,1
94,42844,233.44,-0.18386283,,1
95,42845,235.34,0.813913639,,2
96,42846,234.59,-0.318687856,,1
97,42849,237.17,1.099791125,,2
98,42850,238.55,0.581861112,,2
99,42851,238.4,-0.062879899,,1
100,42852,238.6,0.08389261699999999,,2
101,42853,238.08,-0.21793797199999998,,1
102,42856,238.68,0.252016129,5.0,2
103,42857,238.77,0.037707391,,2
104,42858,238.48,-0.121455794,,1
105,42859,238.76,0.117410265,,2
106,42860,239.7,0.39370078700000005,,2
107,42863,239.66,-0.016687526,,1
108,42864,239.44,-0.09179671199999999,,1
109,42865,239.87,0.17958570000000001,,2
110,42866,239.38,-0.20427731699999999,,1
111,42867,238.98,-0.16709833699999999,,1
112,42870,240.3,0.552347477,,2
113,42871,240.08,-0.091552226,,1
114,42872,235.82,-1.77440853,,1
115,42873,236.77,0.40284963100000004,,2
116,42874,238.31,0.650420239,,2
117,42877,239.52,0.507742017,,2
118,42878,240.05,0.221275885,,2
119,42879,240.61,0.233284732,,2
120,42880,241.76,0.47795187200000006,,2
121,42881,241.71,-0.020681668,,1
122,42885,241.5,-0.08688097300000001,,1
123,42886,241.44,-0.02484472,,1
124,42887,243.36,0.7952286279999999,6.0,2
125,42888,244.17,0.332840237,,2
126,42891,243.99,-0.07371913,,1
127,42892,243.21,-0.319685233,,1
128,42893,243.66,0.18502528699999998,,2
129,42894,243.78,0.049248953,,2
130,42895,243.41,-0.151776192,,1
131,42898,243.36,-0.020541473,,1
132,42899,244.55,0.48898750799999996,,2
133,42900,244.24,-0.126763443,,1
134,42901,243.77,-0.192433672,,1
135,42902,242.64,-0.463551709,,1
136,42905,244.66,0.832509067,,2
137,42906,243.01,-0.6744052970000001,,1
138,42907,242.95,-0.024690342,,1
139,42908,242.84,-0.045276805999999996,,1
140,42909,243.13,0.11942019400000001,,2
141,42912,243.29,0.065808415,,2
142,42913,241.33,-0.805622919,,1
143,42914,243.49,0.895039987,,2
144,42915,241.35,-0.878886197,,1
145,42916,241.8,0.186451212,,2
146,42919,242.21,0.16956162100000002,7.0,2
147,42921,242.77,0.231204327,,2
148,42922,240.55,-0.914445772,,1
149,42923,242.11,0.6485138220000001,,2
150,42926,242.37,0.107389203,,2
151,42927,242.19,-0.07426661700000001,,1
152,42928,244.01,0.751476114,,2
153,42929,244.42,0.168025901,,2
154,42930,245.56,0.46641027700000004,,2
155,42933,245.53,-0.012216973,,1
156,42934,245.66,0.052946687,,2
157,42935,246.99,0.541398681,,2
158,42936,247.1,0.044536215999999997,,2
159,42937,246.88,-0.08903278,,1
160,42940,246.82,-0.024303305,,1
161,42941,247.42,0.243092132,,2
162,42942,247.43,0.00404171,,2
163,42943,247.2,-0.09295558300000001,,1
164,42944,246.91,-0.11731391599999999,,1
165,42947,246.77,-0.056700822000000005,,1
166,42948,247.32,0.22287960399999998,8.0,2
167,42949,247.44,0.048520136,,2
168,42950,246.96,-0.19398642100000002,,1
169,42951,247.41,0.182215743,,2
170,42954,247.87,0.185926195,,2
171,42955,247.26,-0.24609674399999998,,1
172,42956,247.25,-0.004044326,,1
173,42957,243.76,-1.411526795,,1
174,42958,244.12,0.147686249,,2
175,42961,246.54,0.9913157459999999,,2
176,42962,246.51,-0.012168411,,1
177,42963,246.94,0.17443511399999997,,2
178,42964,243.09,-1.559083178,,1
179,42965,242.71,-0.156320704,,1
180,42968,242.9,0.078282724,,2
181,42969,245.44,1.045697818,,2
182,42970,244.56,-0.358539765,,1
183,42971,243.99,-0.233071639,,1
184,42972,244.56,0.233616132,,2
185,42975,244.57,0.004088975999999999,,2
186,42976,244.85,0.11448665,,2
187,42977,246.01,0.473759445,,2
188,42978,247.49,0.6016015610000001,,2
189,42979,247.84,0.141419855,9.0,2
190,42983,246.06,-0.7182052940000001,,1
191,42984,246.9,0.341380151,,2
192,42985,246.87,-0.012150668,,1
193,42986,246.58,-0.11747073400000001,,1
194,42989,249.21,1.066590964,,2
195,42990,250.05,0.337065126,,2
196,42991,250.17,0.047990402,,2
197,42992,250.09,-0.031978255,,1
198,42993,249.19,-0.35987044700000004,,1
199,42996,249.72,0.212689113,,2
200,42997,249.97,0.100112126,,2
201,42998,250.06,0.036004321,,2
202,42999,249.39,-0.267935695,,1
203,43000,249.44,0.020048919,,2
204,43003,248.93,-0.204457986,,1
205,43004,249.08,0.060257904,,2
206,43005,250.05,0.38943311399999997,,2
207,43006,250.35,0.119976005,,2
208,43007,251.23,0.35150788899999996,,2
209,43010,252.32,0.433865382,10.0,2
210,43011,252.86,0.214013951,,2
211,43012,253.16,0.11864272699999999,,2
212,43013,254.66,0.592510665,,2
213,43014,254.37,-0.11387732699999999,,1
214,43017,253.95,-0.165113811,,1
215,43018,254.62,0.263831463,,2
216,43019,255.02,0.15709685,,2
217,43020,254.64,-0.149007921,,1
218,43021,254.95,0.12174049599999999,,2
219,43024,255.29,0.133359482,,2
220,43025,255.47,0.07050805,,2
221,43026,255.72,0.09785884800000001,,2
222,43027,255.79,0.02737369,,2
223,43028,257.11,0.516048321,,2
224,43031,256.11,-0.388938587,,1
225,43032,256.56,0.17570575100000002,,2
226,43033,255.29,-0.49501091399999997,,1
227,43034,255.62,0.129264758,,2
228,43035,257.71,0.817619905,,2
229,43038,256.75,-0.372511738,,1
230,43039,257.15,0.155793574,,2
231,43040,257.49,0.132218549,11.0,2
232,43041,257.59,0.03883646,,2
233,43042,258.45,0.333863892,,2
234,43045,258.85,0.154768814,,2
235,43046,258.67,-0.069538343,,1
236,43047,259.11,0.17010090100000003,,2
237,43048,258.17,-0.362780286,,1
238,43049,258.09,-0.030987334,,1
239,43052,258.33,0.09299081699999999,,2
240,43053,257.73,-0.23226106100000002,,1
241,43054,256.44,-0.500523804,,1
242,43055,258.62,0.850101388,,2
243,43056,257.86,-0.29386745,,1
244,43059,258.3,0.170635228,,2
245,43060,259.99,0.6542779710000001,,2
246,43061,259.76,-0.08846494099999999,,1
247,43063,260.36,0.230982445,,2
248,43066,260.23,-0.049930865,,1
249,43067,262.87,1.014487184,,2
250,43068,262.71,-0.060866588,,1
251,43069,265.01,0.8754900840000001,,2
252,43070,264.46,-0.20753933800000002,12.0,1
253,43073,264.14,-0.121001286,,1
254,43074,263.19,-0.359657757,,1
255,43075,263.24,0.018997682,,2
256,43076,264.07,0.315301626,,2
257,43077,265.51,0.545309956,,2
258,43080,266.31,0.301306919,,2
259,43081,266.78,0.17648605,,2
260,43082,266.75,-0.011245221000000001,,1
261,43083,265.66,-0.408622306,,1
262,43084,266.51,0.319957841,,2
263,43087,268.2,0.634122547,,2
264,43088,267.17,-0.38404176,,1
265,43089,267.03,-0.052401092999999996,,1
266,43090,267.58,0.205969367,,2
267,43091,267.51,-0.026160401,,1
268,43095,267.19,-0.119621696,,1
269,43096,267.32,0.048654515999999995,,2
270,43097,267.87,0.205745922,,2
271,43098,266.86,-0.377048568,,1
272,43102,268.77,0.715731095,1.0,2
273,43103,270.47,0.632511069,,2
274,43104,271.61,0.42148852,,2
275,43105,273.42,0.6663966720000001,,2
276,43108,273.92,0.182868846,,2
277,43109,274.54,0.226343458,,2
278,43110,274.12,-0.152983172,,1
279,43111,276.12,0.7296074709999999,,2
280,43112,277.92,0.651890482,,2
281,43116,276.97,-0.341824986,,1
282,43117,279.61,0.9531718240000001,,2
283,43118,279.14,-0.16809127,,1
284,43119,280.41,0.45496883299999996,,2
285,43122,282.69,0.813095111,,2
286,43123,283.29,0.21224663100000002,,2
287,43124,283.18,-0.038829468,,1
288,43125,283.3,0.042375874,,2
289,43126,286.58,1.157783269,,2
290,43129,284.68,-0.662991137,,1
291,43130,281.76,-1.025713081,,1
292,43131,281.9,0.049687677,,2
293,43132,281.58,-0.113515431,2.0,1
294,43133,275.45,-2.177001207,,1
295,43136,263.93,-4.182247232,,1
296,43137,269.13,1.970219376,,2
297,43138,267.67,-0.54248876,,1
298,43139,257.63,-3.750887287,,1
299,43140,261.5,1.502154252,,2
300,43143,265.34,1.468451243,,2
301,43144,266.0,0.248737469,,2
302,43145,269.59,1.34962406,,2
303,43146,273.03,1.276011722,,2
304,43147,273.11,0.029300809,,2
305,43151,271.4,-0.626121343,,1
306,43152,270.05,-0.49742078100000003,,1
307,43153,270.4,0.129605629,,2
308,43154,274.71,1.5939349109999998,,2
309,43157,277.9,1.161224564,,2
310,43158,274.43,-1.2486505940000001,,1
311,43159,271.65,-1.013008782,,1
312,43160,267.7,-1.454076937,3.0,1
313,43161,269.08,0.515502428,,2
314,43164,272.19,1.1557901000000002,,2
315,43165,272.88,0.253499394,,2
316,43166,272.78,-0.036646145,,1
317,43167,274.1,0.483906445,,2
318,43168,278.87,1.7402407880000001,,2
319,43171,278.52,-0.12550650800000002,,1
320,43172,276.72,-0.646273158,,1
321,43173,275.3,-0.513154091,,1
322,43174,275.0,-0.108972031,,1
323,43175,274.2,-0.290909091,,1
324,43178,270.49,-1.353026988,,1
325,43179,270.95,0.17006174,,2
326,43180,270.43,-0.191917328,,1
327,43181,263.67,-2.499722664,,1
328,43182,258.05,-2.131452194,,1
329,43185,265.11,2.735903895,,2
330,43186,260.6,-1.701180642,,1
331,43187,259.83,-0.295471988,,1
332,43188,263.15,1.2777585340000002,,2
333,43192,257.47,-2.158464754,4.0,1
334,43193,260.77,1.281702723,,2
335,43194,263.56,1.069908348,,2
336,43195,265.64,0.7891941109999999,,2
337,43196,259.72,-2.228580033,,1
338,43199,261.0,0.492838441,,2
339,43200,265.15,1.590038314,,2
340,43201,263.76,-0.5242315670000001,,1
341,43202,265.93,0.822717622,,2
342,43203,265.15,-0.29331027,,1
343,43206,267.33,0.822176127,,2
344,43207,270.19,1.0698387759999999,,2
345,43208,270.39,0.074021985,,2
346,43209,268.89,-0.554754244,,1
347,43210,266.61,-0.84793038,,1
348,43213,266.57,-0.015003188,,1
349,43214,262.98,-1.3467381930000002,,1
350,43215,263.63,0.247167085,,2
351,43216,266.31,1.016576262,,2
352,43217,266.56,0.093875559,,2
353,43220,264.51,-0.769057623,,1
354,43221,264.98,0.177687044,5.0,2
355,43222,263.2,-0.671748811,,1
356,43223,262.62,-0.220364742,,1
357,43224,266.02,1.2946462570000001,,2
358,43227,266.92,0.33832042700000003,,2
359,43228,266.92,0.0,,1
360,43229,269.5,0.966581747,,2
361,43230,272.02,0.935064935,,2
362,43231,272.85,0.305124623,,2
363,43234,272.98,0.047645226,,2
364,43235,271.1,-0.688695143,,1
365,43236,272.24,0.42050903700000003,,2
366,43237,272.01,-0.08448427900000001,,1
367,43238,271.33,-0.24999080899999998,,1
368,43241,273.37,0.751851988,,2
369,43242,272.61,-0.27801148600000003,,1
370,43243,273.36,0.275118301,,2
371,43244,272.8,-0.204858063,,1
372,43245,272.15,-0.238269795,,1
373,43249,269.02,-1.150101047,,1
374,43250,272.61,1.334473273,,2
375,43251,270.94,-0.61259675,,1
376,43252,273.6,0.9817671809999999,6.0,2
377,43255,274.9,0.475146199,,2
378,43256,275.1,0.072753729,,2
379,43257,277.4,0.836059615,,2
380,43258,277.37,-0.010814708000000001,,1
381,43259,278.19,0.29563399100000004,,2
382,43262,278.56,0.133002624,,2
383,43263,278.92,0.129236071,,2
384,43264,278.03,-0.319087911,,1
385,43265,278.73,0.251771392,,2
386,43266,277.13,-0.5740322179999999,,1
387,43269,276.56,-0.205679645,,1
388,43270,275.5,-0.383280301,,1
389,43271,275.97,0.17059891100000002,,2
390,43272,274.24,-0.626879733,,1
391,43273,274.74,0.18232205399999998,,2
392,43276,271.0,-1.361287035,,1
393,43277,271.6,0.22140221399999999,,2
394,43278,269.35,-0.8284241529999999,,1
395,43279,270.89,0.571746798,,2
396,43280,271.28,0.143969877,,2
397,43283,271.86,0.21380123899999998,7.0,2
398,43284,270.9,-0.35312293100000003,,1
399,43286,273.11,0.815799188,,2
400,43287,275.42,0.8458130420000001,,2
401,43290,277.9,0.90044296,,2
402,43291,278.9,0.35984167,,2
403,43292,276.86,-0.731444962,,1
404,43293,279.37,0.906595391,,2
405,43294,279.59,0.078748613,,2
406,43297,279.34,-0.089416646,,1
407,43298,280.47,0.40452495200000005,,2
408,43299,281.06,0.21036117899999998,,2
409,43300,280.0,-0.37714367,,1
410,43301,279.68,-0.11428571400000001,,1
411,43304,280.2,0.18592677300000002,,2
412,43305,281.61,0.503211991,,2
413,43306,284.01,0.852242463,,2
414,43307,283.34,-0.23590718600000002,,1
415,43308,281.42,-0.677631115,,1
416,43311,279.95,-0.522350935,,1
417,43312,281.33,0.49294516899999996,,2
418,43313,280.86,-0.16706359099999998,8.0,1
419,43314,282.39,0.544755394,,2
420,43315,283.6,0.42848542799999995,,2
421,43318,284.64,0.366713681,,2
422,43319,285.58,0.330241709,,2
423,43320,285.46,-0.042019749,,1
424,43321,285.07,-0.136621593,,1
425,43322,283.16,-0.670010875,,1
426,43325,282.1,-0.37434665899999997,,1
427,43326,283.9,0.638071606,,2
428,43327,281.78,-0.74674181,,1
429,43328,284.06,0.8091418840000001,,2
430,43329,285.06,0.352038302,,2
431,43332,285.67,0.213990037,,2
432,43333,286.34,0.234536353,,2
433,43334,286.17,-0.05936998,,1
434,43335,285.79,-0.13278820300000002,,1
435,43336,287.51,0.601840512,,2
436,43339,289.78,0.789537755,,2
437,43340,289.92,0.048312513,,2
438,43341,291.48,0.53807947,,2
439,43342,290.3,-0.40483052,,1
440,43343,290.31,0.003444712,,2
441,43347,289.81,-0.17222968600000002,9.0,1
442,43348,289.03,-0.269141852,,1
443,43349,288.16,-0.301006816,,1
444,43350,287.6,-0.19433648,,1
445,43353,288.1,0.173852573,,2
446,43354,289.05,0.329746616,,2
447,43355,289.12,0.024217263,,2
448,43356,290.83,0.591449917,,2
449,43357,290.88,0.017192173999999998,,2
450,43360,289.34,-0.529427943,,1
451,43361,290.91,0.542614225,,2
452,43362,291.22,0.106562167,,2
453,43363,293.58,0.810383902,,2
454,43364,291.99,-0.541590027,,1
455,43367,291.02,-0.332203158,,1
456,43368,290.75,-0.092777129,,1
457,43369,289.88,-0.299226139,,1
458,43370,290.69,0.279425969,,2
459,43371,290.72,0.010320272,,2
460,43374,291.73,0.347413319,10.0,2
461,43375,291.56,-0.058273060999999994,,1
462,43376,291.72,0.054877212,,2
463,43377,289.44,-0.78157137,,1
464,43378,287.82,-0.5597014929999999,,1
465,43381,287.82,0.0,,1
466,43382,287.4,-0.145924536,,1
467,43383,278.3,-3.16631872,,1
468,43384,272.17,-2.202659001,,1
469,43385,275.95,1.3888378590000001,,2
470,43388,274.4,-0.561695959,,1
471,43389,280.4,2.186588921,,2
472,43390,280.45,0.017831668999999998,,2
473,43391,276.4,-1.444107684,,1
474,43392,276.25,-0.054269175,,1
475,43395,275.01,-0.44886877799999997,,1
476,43396,273.61,-0.5090723970000001,,1
477,43397,265.32,-3.02986002,,1
478,43398,270.08,1.794060003,,2
479,43399,265.33,-1.7587381519999998,,1
480,43402,263.86,-0.554027061,,1
481,43403,267.77,1.4818464340000002,,2
482,43404,270.63,1.068080816,,2
483,43405,273.51,1.0641835720000001,11.0,2
484,43406,271.89,-0.592300099,,1
485,43409,273.39,0.5516937,,2
486,43410,275.12,0.63279564,,2
487,43411,281.01,2.140883978,,2
488,43412,280.5,-0.18148820300000001,,1
489,43413,277.76,-0.976827094,,1
490,43416,272.57,-1.868519585,,1
491,43417,272.06,-0.187107899,,1
492,43418,270.2,-0.683672719,,1
493,43419,273.02,1.043671355,,2
494,43420,273.73,0.260054208,,2
495,43423,269.1,-1.6914477769999998,,1
496,43424,264.12,-1.850613155,,1
497,43425,265.02,0.340754203,,2
498,43427,263.25,-0.6678741229999999,,1
499,43430,267.5,1.6144349480000002,,2
500,43431,268.4,0.336448598,,2
501,43432,274.58,2.302533532,,2
502,43433,273.98,-0.218515551,,1
503,43434,275.65,0.609533543,,2
504,43437,279.3,1.324142935,12.0,2
505,43438,270.25,-3.2402434660000003,,1
506,43440,269.84,-0.151711378,,1
507,43441,263.57,-2.32359917,,1
508,43444,264.07,0.189702925,,2
509,43445,264.13,0.022721248,,2
510,43446,265.46,0.503539924,,2
511,43447,265.37,-0.033903413,,1
512,43448,260.47,-1.8464785019999999,,1
513,43451,255.36,-1.9618382159999999,,1
514,43452,255.08,-0.109649123,,1
515,43453,251.26,-1.49756939,,1
516,43454,247.17,-1.627795909,,1
517,43455,240.7,-2.61763159,,1
518,43458,234.34,-2.642293311,,1
519,43460,246.18,5.052487838,,2
520,43461,248.07,0.7677309290000001,,2
521,43462,247.75,-0.128995848,,1
522,43465,249.92,0.875882947,,2
523,43467,250.18,0.104033291,1.0,2
524,43468,244.21,-2.386281877,,1
525,43469,252.39,3.3495761839999996,,2
526,43472,254.38,0.7884623000000001,,2
527,43473,256.77,0.939539272,,2
528,43474,257.97,0.46734431600000004,,2
529,43475,258.88,0.352754196,,2
530,43476,258.98,0.038627936,,2
531,43479,257.4,-0.610085721,,1
532,43480,260.35,1.146076146,,2
533,43481,260.98,0.241981947,,2
534,43482,262.96,0.7586788259999999,,2
535,43483,266.46,1.331000913,,2
536,43487,262.86,-1.351047061,,1
537,43488,263.41,0.20923685600000003,,2
538,43489,263.55,0.053149083,,2
539,43490,265.78,0.8461392529999999,,2
540,43493,263.76,-0.76002709,,1
541,43494,263.41,-0.132696391,,1
542,43495,267.58,1.5830834059999999,,2
543,43496,269.93,0.8782420209999999,,2
544,43497,270.06,0.048160634,2.0,2
545,43500,271.96,0.70354736,,2
546,43501,273.1,0.419179291,,2
547,43502,272.74,-0.131819846,,1
548,43503,270.14,-0.953288847,,1
549,43504,270.47,0.122158881,,2
550,43507,270.62,0.05545901599999999,,2
551,43508,274.1,1.285935999,,2
552,43509,274.99,0.324699015,,2
553,43510,274.38,-0.221826248,,1
554,43511,277.37,1.089729572,,2
555,43515,277.85,0.17305404300000002,,2
556,43516,278.41,0.201547598,,2
557,43517,277.42,-0.355590676,,1
558,43518,279.14,0.6199985579999999,,2
559,43521,279.52,0.13613240699999998,,2
560,43522,279.32,-0.07155123099999999,,1
561,43523,279.2,-0.042961478,,1
562,43524,278.68,-0.186246418,,1
563,43525,280.42,0.62437204,3.0,2
564,43528,279.4,-0.363740104,,1
565,43529,279.02,-0.136005727,,1
566,43530,277.33,-0.605691348,,1
567,43531,275.01,-0.8365485159999999,,1
568,43532,274.46,-0.199992728,,1
569,43535,278.44,1.4501202359999998,,2
570,43536,279.49,0.377100991,,2
571,43537,281.34,0.661919926,,2
572,43538,281.16,-0.06397952700000001,,1
573,43539,281.31,0.053350405,,2
574,43542,282.33,0.362589314,,2
575,43543,282.4,0.024793681,,2
576,43544,281.55,-0.300991501,,1
577,43545,284.73,1.129461907,,2
578,43546,279.25,-1.9246303519999999,,1
579,43549,279.04,-0.075201432,,1
580,43550,281.12,0.7454128440000001,,2
581,43551,279.65,-0.522908367,,1
582,43552,280.71,0.379045235,,2
583,43553,282.48,0.630543978,,2
584,43556,285.83,1.185924667,4.0,2
585,43557,285.97,0.048980163,,2
586,43558,286.42,0.157359164,,2
587,43559,287.18,0.26534459899999996,,2
588,43560,288.57,0.48401699299999995,,2
589,43563,288.79,0.076238001,,2
590,43564,287.31,-0.512483119,,1
591,43565,288.29,0.341094985,,2
592,43566,288.21,-0.027749835,,1
593,43567,290.16,0.676589986,,2
594,43570,289.97,-0.065481114,,1
595,43571,290.16,0.06552402,,2
596,43572,289.45,-0.24469258300000002,,1
597,43573,290.02,0.19692520300000002,,2
598,43577,290.27,0.086200952,,2
599,43578,292.88,0.899162848,,2
600,43579,292.23,-0.22193389800000002,,1
601,43580,292.05,-0.061595319,,1
602,43581,293.41,0.46567368600000003,,2
603,43584,293.87,0.156777206,,2
604,43585,294.02,0.051042977999999996,,2
605,43586,291.81,-0.751649548,5.0,1
606,43587,291.18,-0.215893904,,1
607,43588,294.03,0.978776015,,2
608,43591,292.82,-0.411522634,,1
609,43592,287.93,-1.6699678980000001,,1
610,43593,287.53,-0.138922655,,1
611,43594,286.66,-0.302577122,,1
612,43595,288.1,0.502337264,,2
613,43598,280.86,-2.513016314,,1
614,43599,283.4,0.9043651640000001,,2
615,43600,285.06,0.585744531,,2
616,43601,287.7,0.926120817,,2
617,43602,285.84,-0.646506778,,1
618,43605,283.95,-0.661209068,,1
619,43606,286.51,0.901567177,,2
620,43607,285.63,-0.307144602,,1
621,43608,282.14,-1.221860449,,1
622,43609,282.78,0.22683774,,2
623,43613,280.15,-0.93005163,,1
624,43614,278.27,-0.67106907,,1
625,43615,279.03,0.273116038,,2
626,43616,275.27,-1.347525356,,1
627,43619,274.57,-0.25429578199999997,6.0,1
628,43620,280.53,2.170666861,,2
629,43621,282.96,0.866217517,,2
630,43622,284.8,0.650268589,,2
631,43623,287.65,1.000702247,,2
632,43626,288.97,0.45889101299999996,,2
633,43627,288.9,-0.024223968,,1
634,43628,288.39,-0.176531672,,1
635,43629,289.58,0.41263566700000004,,2
636,43630,289.26,-0.110504869,,1
637,43633,289.37,0.038028072,,2
638,43634,292.4,1.0471023259999999,,2
639,43635,293.06,0.22571819399999998,,2
640,43636,295.86,0.955435747,,2
641,43637,294.0,-0.628675725,,1
642,43640,293.64,-0.12244898,,1
643,43641,290.76,-0.980792808,,1
644,43642,290.47,-0.099738616,,1
645,43643,291.5,0.35459772100000003,,2
646,43644,293.0,0.51457976,,2
647,43647,295.66,0.9078498290000001,7.0,2
648,43648,296.43,0.260434283,,2
649,43649,298.8,0.7995142190000001,,2
650,43651,298.46,-0.113788487,,1
651,43654,296.82,-0.549487368,,1
652,43655,297.19,0.12465467300000001,,2
653,43656,298.61,0.477808809,,2
654,43657,299.31,0.234419477,,2
655,43658,300.65,0.44769636799999996,,2
656,43661,300.75,0.033261267000000004,,2
657,43662,299.71,-0.345802161,,1
658,43663,297.74,-0.6573020589999999,,1
659,43664,298.83,0.366091221,,2
660,43665,297.17,-0.555499782,,1
661,43668,297.9,0.245650638,,2
662,43669,300.03,0.715005035,,2
663,43670,301.44,0.469953005,,2
664,43671,300.0,-0.477707006,,1
665,43672,302.01,0.67,,2
666,43675,301.46,-0.182113175,,1
667,43676,300.72,-0.245472036,,1
668,43677,297.43,-1.094040968,,1
669,43678,294.84,-0.870793128,8.0,1
670,43679,292.62,-0.7529507529999999,,1
671,43682,283.82,-3.0073132389999997,,1
672,43683,287.8,1.402297231,,2
673,43684,287.97,0.059068798,,2
674,43685,293.62,1.962009932,,2
675,43686,291.62,-0.68115251,,1
676,43689,288.07,-1.217337631,,1
677,43690,292.55,1.555177561,,2
678,43691,283.9,-2.956759528,,1
679,43692,284.65,0.26417752699999997,,2
680,43693,288.85,1.4754962230000002,,2
681,43696,292.33,1.204777566,,2
682,43697,290.09,-0.766257312,,1
683,43698,292.45,0.813540625,,2
684,43699,292.36,-0.030774491,,1
685,43700,284.85,-2.568750855,,1
686,43703,288.0,1.105845182,,2
687,43704,286.87,-0.39236111100000004,,1
688,43705,288.89,0.704151706,,2
689,43706,292.58,1.27730278,,2
690,43707,292.45,-0.044432292000000005,,1
691,43711,290.74,-0.584715336,9.0,1
692,43712,294.04,1.135034739,,2
693,43713,297.82,1.285539382,,2
694,43714,298.05,0.077227856,,2
695,43717,298.2,0.05032712599999999,,2
696,43718,298.13,-0.023474178,,1
697,43719,300.25,0.711099185,,2
698,43720,301.29,0.34637801799999995,,2
699,43721,301.09,-0.066381227,,1
700,43724,300.16,-0.308877744,,1
701,43725,300.92,0.253198294,,2
702,43726,301.1,0.059816562999999996,,2
703,43727,301.08,-0.006642311999999999,,1
704,43728,298.28,-0.9299853859999999,,1
705,43731,298.21,-0.023467883,,1
706,43732,295.87,-0.7846819359999999,,1
707,43733,297.62,0.5914759860000001,,2
708,43734,297.0,-0.208319333,,1
709,43735,295.4,-0.5387205389999999,,1
710,43738,296.77,0.46377792799999995,,2
711,43739,293.24,-1.18947333,10.0,1
712,43740,288.06,-1.76647115,,1
713,43741,290.42,0.819273762,,2
714,43742,294.35,1.353212589,,2
715,43745,293.08,-0.43145914700000004,,1
716,43746,288.53,-1.552477139,,1
717,43747,291.27,0.949641285,,2
718,43748,293.24,0.676348405,,2
719,43749,296.28,1.036693493,,2
720,43752,295.95,-0.111381126,,1
721,43753,298.88,0.9900321,,2
722,43754,298.4,-0.160599572,,1
723,43755,299.28,0.294906166,,2
724,43756,297.97,-0.437717188,,1
725,43759,299.99,0.677920596,,2
726,43760,299.01,-0.32667755600000004,,1
727,43761,299.88,0.290960169,,2
728,43762,300.37,0.163398693,,2
729,43763,301.6,0.409494956,,2
730,43766,303.3,0.563660477,,2
731,43767,303.21,-0.029673591000000003,,1
732,43768,304.14,0.30671811600000004,,2
733,43769,303.33,-0.266324719,,1
734,43770,306.14,0.9263838059999999,11.0,2
735,43773,307.37,0.401776965,,2
736,43774,307.03,-0.11061587,,1
737,43775,307.1,0.022799075,,2
738,43776,308.18,0.351676978,,2
739,43777,308.94,0.246609125,,2
740,43780,308.35,-0.190975594,,1
741,43781,309.0,0.21079941600000002,,2
742,43782,309.1,0.03236246,,2
743,43783,309.55,0.14558395300000002,,2
744,43784,311.79,0.7236310770000001,,2
745,43787,312.02,0.0737676,,2
746,43788,311.93,-0.028844305,,1
747,43789,310.77,-0.371878306,,1
748,43790,310.27,-0.160890691,,1
749,43791,310.96,0.222386953,,2
750,43794,313.37,0.775019295,,2
751,43795,314.08,0.226569231,,2
752,43796,315.48,0.445746307,,2
753,43798,314.31,-0.37086344600000004,,1
754,43801,311.64,-0.849479813,12.0,1
755,43802,309.55,-0.670645617,,1
756,43803,311.46,0.617024713,,2
757,43804,312.02,0.17979836899999999,,2
758,43805,314.87,0.913402987,,2
759,43808,313.88,-0.314415473,,1
760,43809,313.53,-0.11150758300000001,,1
761,43810,314.42,0.283864383,,2
762,43811,317.13,0.861904459,,2
763,43812,317.32,0.059912339,,2
764,43815,319.5,0.6870036559999999,,2
765,43816,319.57,0.021909232999999997,,2
766,43817,319.59,0.00625841,,2
767,43818,320.9,0.409900185,,2
768,43819,320.73,-0.052976005,,1
769,43822,321.22,0.152776479,,2
770,43823,321.23,0.003113131,,2
771,43825,322.94,0.532328861,,2
772,43826,322.86,-0.024772403999999998,,1
773,43829,321.08,-0.551322555,,1
774,43830,321.86,0.242930111,,2
775,43832,324.87,0.935189213,1.0,2
776,43833,322.41,-0.757225967,,1
777,43836,323.64,0.381501814,,2
778,43837,322.73,-0.281176616,,1
779,43838,324.45,0.532953243,,2
780,43839,326.65,0.678070581,,2
781,43840,325.71,-0.287769784,,1
782,43843,327.95,0.6877283470000001,,2
783,43844,327.45,-0.15246226599999999,,1
784,43845,328.19,0.22598870100000001,,2
785,43846,330.92,0.8318352170000001,,2
786,43847,331.95,0.311253475,,2
787,43851,331.3,-0.195812622,,1
788,43852,331.34,0.012073648999999999,,2
789,43853,331.72,0.114685821,,2
790,43854,328.77,-0.8893042320000001,,1
791,43857,323.5,-1.602944308,,1
792,43858,326.89,1.047913447,,2
793,43859,326.62,-0.082596592,,1
794,43860,327.68,0.324536158,,2
795,43861,321.73,-1.8157958980000002,,1
796,43864,324.12,0.742858919,2.0,2
797,43865,329.06,1.5241268669999999,,2
798,43866,332.86,1.154804595,,2
799,43867,333.98,0.336477798,,2
800,43868,332.2,-0.532966046,,1
801,43871,334.68,0.74653823,,2
802,43872,335.26,0.173299869,,2
803,43873,337.42,0.644276084,,2
804,43874,337.06,-0.10669195699999999,,1
805,43875,337.6,0.160208865,,2
806,43879,336.73,-0.257701422,,1
807,43880,338.34,0.47812787700000003,,2
808,43881,336.95,-0.41082934299999996,,1
809,43882,333.48,-1.0298263840000002,,1
810,43885,322.42,-3.316540722,,1
811,43886,312.65,-3.030209044,,1
812,43887,311.5,-0.367823445,,1
813,43888,297.51,-4.49117175,,1
814,43889,296.26,-0.420153944,,1
815,43892,309.09,4.330655505,3.0,2
816,43893,300.24,-2.863243715,,1
817,43894,312.86,4.203304023,,2
818,43895,302.46,-3.3241705560000003,,1
819,43896,297.46,-1.653111155,,1
820,43899,274.23,-7.809453372,,1
821,43900,288.42,5.174488568,,2
822,43901,274.36,-4.87483531,,1
823,43902,248.11,-9.567721242000001,,1
824,43903,269.32,8.548627625,,2
825,43906,239.85,-10.94237338,,1
826,43907,252.8,5.399207838,,2
827,43908,240.0,-5.0632911389999995,,1
828,43909,240.51,0.2125,,2
829,43910,228.8,-4.868820423,,1
830,43913,222.95,-2.5568181819999998,,1
831,43914,243.15,9.060327427999999,,2
832,43915,246.79,1.497018301,,2
833,43916,261.2,5.838972406,,2
834,43917,253.42,-2.97856049,,1
835,43920,261.65,3.2475731989999996,,2
836,43921,257.75,-1.4905407990000001,,1
837,43922,246.15,-4.500484966,4.0,1
838,43923,251.83,2.307536055,,2
839,43924,248.19,-1.445419529,,1
840,43927,264.86,6.71662839,,2
841,43928,265.13,0.10194064800000001,,2
842,43929,274.03,3.3568438119999997,,2
843,43930,278.2,1.5217311969999998,,2
844,43934,275.66,-0.9130122209999999,,1
845,43935,283.79,2.949285352,,2
846,43936,277.76,-2.124810599,,1
847,43937,279.1,0.482430876,,2
848,43938,286.64,2.701540666,,2
849,43941,281.59,-1.761791795,,1
850,43942,273.04,-3.036329415,,1
851,43943,279.1,2.219455025,,2
852,43944,279.08,-0.00716589,,1
853,43945,282.97,1.3938655580000001,,2
854,43948,287.05,1.441848959,,2
855,43949,285.73,-0.45985020000000004,,1
856,43950,293.21,2.6178560180000003,,2
857,43951,290.48,-0.931073292,,1
858,43952,282.79,-2.64734233,5.0,1
859,43955,283.57,0.275823049,,2
860,43956,286.19,0.9239341259999999,,2
861,43957,284.25,-0.677871344,,1
862,43958,287.68,1.206684257,,2
863,43959,292.44,1.65461624,,2
864,43962,292.5,0.020517029,,2
865,43963,286.67,-1.9931623930000002,,1
866,43964,281.6,-1.768584086,,1
867,43965,284.97,1.196732955,,2
868,43966,286.28,0.45969751200000003,,2
869,43969,295.0,3.045968981,,2
870,43970,291.97,-1.027118644,,1
871,43971,296.93,1.6988046719999998,,2
872,43972,294.88,-0.69039841,,1
873,43973,295.44,0.18990775899999998,,2
874,43977,299.08,1.232060655,,2
875,43978,303.53,1.487896215,,2
876,43979,302.97,-0.184495766,,1
877,43980,304.32,0.445588672,,2
878,43983,305.55,0.404179811,6.0,2
879,43984,308.08,0.828015055,,2
880,43985,312.18,1.330823163,,2
881,43986,311.36,-0.26266897300000003,,1
882,43987,319.34,2.56294964,,2
883,43990,323.2,1.208743033,,2
884,43991,320.79,-0.745668317,,1
885,43992,319.0,-0.557997444,,1
886,43993,300.61,-5.7648902820000005,,1
887,43994,304.21,1.197564951,,2
888,43997,307.05,0.9335656290000001,,2
889,43998,312.96,1.9247679530000001,,2
890,43999,311.66,-0.41538854799999997,,1
891,44000,311.78,0.038503497000000005,,2
892,44001,308.64,-1.007120405,,1
893,44004,310.62,0.641524106,,2
894,44005,312.05,0.46036958299999997,,2
895,44006,304.09,-2.5508732569999997,,1
896,44007,307.35,1.072051038,,2
897,44008,300.05,-2.375142346,,1
898,44011,304.46,1.469755041,,2
899,44012,308.36,1.280956447,,2
900,44013,310.52,0.700479958,7.0,2
901,44014,312.23,0.550689167,,2
902,44018,317.05,1.543733786,,2
903,44019,313.78,-1.031383063,,1
904,44020,316.18,0.764867104,,2
905,44021,314.38,-0.5692959710000001,,1
906,44022,317.59,1.021057319,,2
907,44025,314.84,-0.8658962809999999,,1
908,44026,318.92,1.295896328,,2
909,44027,321.85,0.918725699,,2
910,44028,320.79,-0.32934596899999996,,1
911,44029,321.72,0.289909286,,2
912,44032,324.32,0.808156161,,2
913,44033,325.01,0.212752837,,2
914,44034,326.86,0.569213255,,2
915,44035,322.96,-1.1931713879999999,,1
916,44036,320.88,-0.644042606,,1
917,44039,323.22,0.729244577,,2
918,44040,321.17,-0.6342429310000001,,1
919,44041,325.12,1.229878258,,2
920,44042,323.96,-0.356791339,,1
921,44043,326.52,0.790221015,,2
922,44046,328.79,0.6952100940000001,8.0,2
923,44047,330.06,0.386264789,,2
924,44048,332.11,0.621099194,,2
925,44049,334.33,0.668453223,,2
926,44050,334.57,0.071785362,,2
927,44053,335.57,0.29889111399999996,,2
928,44054,332.8,-0.8254611559999999,,1
929,44055,337.44,1.394230769,,2
930,44056,336.83,-0.180772878,,1
931,44057,336.84,0.002968857,,2
932,44060,337.91,0.317658235,,2
933,44061,338.64,0.216033855,,2
934,44062,337.23,-0.41637136799999996,,1
935,44063,338.28,0.311360199,,2
936,44064,339.48,0.35473572200000003,,2
937,44067,342.92,1.0133144809999999,,2
938,44068,344.12,0.349935845,,2
939,44069,347.57,1.002557247,,2
940,44070,348.33,0.21866098899999997,,2
941,44071,350.58,0.645939196,,2
942,44074,349.31,-0.36225683200000003,,1
943,44075,352.6,0.941856803,9.0,2
944,44076,357.7,1.446398185,,2
945,44077,345.39,-3.441431367,,1
946,44078,342.57,-0.81646834,,1
947,44082,333.21,-2.732288291,,1
948,44083,339.79,1.97473065,,2
949,44084,333.89,-1.736366579,,1
950,44085,334.06,0.050914972,,2
951,44088,338.46,1.31712866,,2
952,44089,340.17,0.5052295689999999,,2
953,44090,338.82,-0.396860393,,1
954,44091,335.84,-0.879523051,,1
955,44092,330.65,-1.545378752,,1
956,44095,326.97,-1.112959323,,1
957,44096,330.3,1.018442059,,2
958,44097,322.64,-2.319103845,,1
959,44098,323.5,0.266550955,,2
960,44099,328.73,1.6166924269999998,,2
961,44102,334.19,1.6609375480000002,,2
962,44103,332.37,-0.5446003770000001,,1
963,44104,334.89,0.7581911720000001,,2
964,44105,337.04,0.6420018510000001,10.0,2
965,44106,333.84,-0.9494422029999999,,1
966,44109,339.76,1.7733045769999998,,2
967,44110,334.93,-1.421591712,,1
968,44111,340.76,1.7406622280000001,,2
969,44112,343.78,0.886254255,,2
970,44113,346.85,0.8930129729999999,,2
971,44116,352.43,1.6087645959999999,,2
972,44117,350.13,-0.652611866,,1
973,44118,347.93,-0.628338046,,1
974,44119,347.5,-0.123588078,,1
975,44120,347.29,-0.060431655,,1
976,44123,342.01,-1.520343229,,1
977,44124,343.38,0.400573083,,2
978,44125,342.73,-0.18929465899999998,,1
979,44126,344.61,0.5485367489999999,,2
980,44127,345.78,0.33951423299999994,,2
981,44130,339.39,-1.847995836,,1
982,44131,338.22,-0.34473614399999997,,1
983,44132,326.66,-3.4178936789999996,,1
984,44133,329.98,1.016347272,,2
985,44134,326.54,-1.042487423,,1
986,44137,330.2,1.120842776,11.0,2
987,44138,336.03,1.765596608,,2
988,44139,343.54,2.234919501,,2
989,44140,350.24,1.950282354,,2
990,44141,350.16,-0.02284148,,1
991,44144,354.56,1.2565684259999998,,2
992,44145,354.04,-0.14666065,,1
993,44146,356.67,0.742853915,,2
994,44147,353.21,-0.9700843920000001,,1
995,44148,358.1,1.384445514,,2
996,44151,362.57,1.248254677,,2
997,44152,360.62,-0.537827178,,1
998,44153,356.28,-1.203482891,,1
999,44154,357.78,0.421017178,,2
1000,44155,355.33,-0.684778355,,1
1001,44158,357.46,0.5994427720000001,,2
1002,44159,363.22,1.611369104,,2
1003,44160,362.66,-0.154176532,,1
1004,44162,363.67,0.278497767,,2
1005,44165,362.06,-0.44270904899999997,,1
1006,44166,366.02,1.093741369,12.0,2
1007,44167,366.79,0.21037101800000002,,2
1008,44168,366.69,-0.027263557,,1
1009,44169,369.85,0.861763342,,2
1010,44172,369.09,-0.205488712,,1
1011,44173,370.17,0.292611558,,2
1012,44174,366.85,-0.896885215,,1
1013,44175,366.73,-0.032710917,,1
1014,44176,366.3,-0.117252475,,1
1015,44179,364.66,-0.447720448,,1
1016,44180,369.59,1.3519442769999999,,2
1017,44181,370.17,0.156930653,,2
1018,44182,372.24,0.559202529,,2
1019,44183,369.18,-0.82205029,,1
1020,44186,367.86,-0.35754916299999995,,1
1021,44187,367.24,-0.16854238,,1
1022,44188,367.57,0.089859492,,2
1023,44189,369.0,0.389041543,,2
1024,44193,372.17,0.859078591,,2
1025,44194,371.46,-0.19077303399999998,,1
1026,44195,371.99,0.142680235,,2
1027,44196,373.88,0.508078174,,2
1028,44200,368.79,-1.361399379,1.0,1
1029,44201,371.33,0.688738849,,2
1030,44202,373.55,0.5978509679999999,,2
1031,44203,379.1,1.48574488,,2
1032,44204,381.26,0.569770509,,2
1033,44207,378.69,-0.67408068,,1
1034,44208,378.77,0.021125459,,2
1035,44209,379.79,0.269292711,,2
1036,44210,378.46,-0.350193528,,1
1037,44211,375.7,-0.7292712570000001,,1
1038,44215,378.65,0.785200958,,2
1039,44216,383.89,1.383863726,,2
1040,44217,384.24,0.09117195,,2
1041,44218,382.88,-0.353945451,,1
1042,44221,384.39,0.39437944,,2
1043,44222,383.79,-0.15609147,,1
1044,44223,374.41,-2.44404492,,1
1045,44224,377.63,0.860019764,,2
1046,44225,370.07,-2.00195959,,1
1047,44228,376.23,1.66454995,2.0,2
1048,44229,381.55,1.4140286530000001,,2
1049,44230,381.85,0.078626654,,2
1050,44231,386.19,1.136571952,,2
1051,44232,387.71,0.393588648,,2
1052,44235,390.51,0.722189265,,2
1053,44236,390.25,-0.066579601,,1
1054,44237,390.08,-0.043561819,,1
1055,44238,390.71,0.161505332,,2
1056,44239,392.64,0.49397251200000003,,2
1057,44243,392.3,-0.08659331699999999,,1
1058,44244,392.39,0.022941626,,2
1059,44245,390.72,-0.425596983,,1
1060,44246,390.03,-0.176597052,,1
1061,44249,387.03,-0.769171602,,1
1062,44250,387.5,0.121437615,,2
1063,44251,391.77,1.101935484,,2
1064,44252,382.33,-2.409577048,,1
1065,44253,380.36,-0.515261685,,1
1066,44256,389.58,2.42401935,3.0,2
1067,44257,386.54,-0.780327532,,1
1068,44258,381.42,-1.324571843,,1
1069,44259,376.7,-1.237480992,,1
1070,44260,383.63,1.8396602069999999,,2
1071,44263,381.72,-0.497875557,,1
1072,44264,387.17,1.4277480880000002,,2
1073,44265,389.58,0.622465584,,2
1074,44266,393.53,1.013912419,,2
1075,44267,394.06,0.134678424,,2
1076,44270,396.41,0.596355885,,2
1077,44271,395.91,-0.126132035,,1
1078,44272,397.26,0.340986588,,2
1079,44273,391.48,-1.454966521,,1
1080,44274,389.48,-0.510881782,,1
1081,44277,392.59,0.798500565,,2
1082,44278,389.5,-0.7870806690000001,,1
1083,44279,387.52,-0.508344031,,1
1084,44280,389.7,0.56255161,,2
1085,44281,395.98,1.6114960230000002,,2
1086,44284,395.78,-0.050507601,,1
1087,44285,394.73,-0.26529890300000003,,1
1088,44286,396.33,0.405340359,,2
1089,44287,400.61,1.079908157,4.0,2
1090,44291,406.36,1.43531115,,2
1091,44292,406.12,-0.059060931,,1
1092,44293,406.59,0.115729341,,2
1093,44294,408.52,0.474679653,,2
1094,44295,411.49,0.727014589,,2
1095,44298,411.64,0.036452891,,2
1096,44299,412.86,0.29637547399999997,,2
1097,44300,411.45,-0.341520128,,1
1098,44301,415.87,1.074249605,,2
1099,44302,417.26,0.334239065,,2
1100,44305,415.21,-0.491300388,,1
1101,44306,412.17,-0.73215963,,1
1102,44307,416.07,0.946211515,,2
1103,44308,412.27,-0.9133078570000001,,1
1104,44309,416.74,1.08424091,,2
1105,44312,417.61,0.208763258,,2
1106,44313,417.52,-0.021551208,,1
1107,44314,417.4,-0.028741138,,1
1108,44315,420.06,0.63727839,,2
1109,44316,417.3,-0.657048993,,1
1110,44319,418.2,0.21567217800000002,5.0,2
1111,44320,415.62,-0.6169296989999999,,1
1112,44321,415.75,0.031278572000000004,,2
1113,44322,419.07,0.798556825,,2
1114,44323,422.12,0.727802038,,2
1115,44326,417.94,-0.990239742,,1
1116,44327,414.21,-0.8924726040000001,,1
1117,44328,405.41,-2.1245262069999997,,1
1118,44329,410.28,1.201253052,,2
1119,44330,416.58,1.535536707,,2
1120,44333,415.52,-0.254452926,,1
1121,44334,411.94,-0.8615710440000001,,1
1122,44335,410.86,-0.262174103,,1
1123,44336,415.28,1.075792241,,2
1124,44337,414.94,-0.081872472,,1
1125,44340,419.17,1.019424495,,2
1126,44341,418.24,-0.221867023,,1
1127,44342,419.07,0.19845065,,2
1128,44343,419.29,0.052497195999999996,,2
1129,44344,420.04,0.17887381,,2
1130,44348,419.67,-0.08808684900000001,6.0,1
1131,44349,420.33,0.15726642400000002,,2
1132,44350,418.77,-0.37113696399999996,,1
1133,44351,422.6,0.914583184,,2
1134,44354,422.19,-0.09701845699999999,,1
1135,44355,422.28,0.021317416000000002,,2
1136,44356,421.65,-0.149190111,,1
1137,44357,423.61,0.464840508,,2
1138,44358,424.31,0.165246335,,2
1139,44361,425.26,0.223892908,,2
1140,44362,424.48,-0.18341720399999997,,1
1141,44363,422.11,-0.558330192,,1
1142,44364,421.97,-0.03316671,,1
1143,44365,414.92,-1.670734886,,1
1144,44368,420.86,1.431601273,,2
1145,44369,423.11,0.534619588,,2
1146,44370,422.6,-0.120536031,,1
1147,44371,425.1,0.591575958,,2
1148,44372,426.61,0.355210539,,2
1149,44375,427.47,0.20158927399999998,,2
1150,44376,427.7,0.053804945,,2
1151,44377,428.06,0.084171148,,2
1152,44378,430.43,0.5536607020000001,7.0,2
1153,44379,433.72,0.764351927,,2
1154,44383,432.93,-0.182145163,,1
1155,44384,434.46,0.353405862,,2
1156,44385,430.92,-0.814804585,,1
1157,44386,435.52,1.067483524,,2
1158,44389,437.08,0.358192506,,2
1159,44390,435.59,-0.34089869100000003,,1
1160,44391,436.24,0.149222893,,2
1161,44392,434.75,-0.341555107,,1
1162,44393,431.34,-0.784358827,,1
1163,44396,424.97,-1.476793249,,1
1164,44397,431.06,1.4330423319999999,,2
1165,44398,434.55,0.80963207,,2
1166,44399,435.46,0.209412035,,2
1167,44400,439.94,1.0287971340000002,,2
1168,44403,441.02,0.24548802100000003,,2
1169,44404,439.01,-0.455761643,,1
1170,44405,438.83,-0.041001344,,1
1171,44406,440.65,0.41473919299999995,,2
1172,44407,438.51,-0.48564620399999997,,1
1173,44410,437.59,-0.209801373,8.0,1
1174,44411,441.15,0.813546927,,2
1175,44412,438.98,-0.49189618,,1
1176,44413,441.76,0.6332862539999999,,2
1177,44414,442.49,0.165248099,,2
1178,44417,442.13,-0.081357771,,1
1179,44418,442.68,0.12439780199999999,,2
1180,44419,443.78,0.248486491,,2
1181,44420,445.11,0.29969804899999997,,2
1182,44421,445.92,0.181977489,,2
1183,44424,446.97,0.235468245,,2
1184,44425,444.04,-0.655524979,,1
1185,44426,439.18,-1.0944959909999998,,1
1186,44427,439.86,0.154834009,,2
1187,44428,443.36,0.795707725,,2
1188,44431,447.26,0.8796463370000001,,2
1189,44432,447.97,0.158744355,,2
1190,44433,448.91,0.20983548,,2
1191,44434,446.26,-0.590318772,,1
1192,44435,450.25,0.894097611,,2
1193,44438,452.23,0.439755691,,2
1194,44439,451.56,-0.1481547,,1
1195,44440,451.8,0.053149083,9.0,2
1196,44441,453.19,0.307658256,,2
1197,44442,453.08,-0.02427238,,1
1198,44446,451.46,-0.35755275,,1
1199,44447,450.91,-0.121826961,,1
1200,44448,448.98,-0.428023331,,1
1201,44449,445.44,-0.788453829,,1
1202,44452,446.58,0.255926724,,2
1203,44453,444.17,-0.539656948,,1
1204,44454,447.88,0.835265777,,2
1205,44455,447.17,-0.158524605,,1
1206,44456,441.4,-1.290337008,,1
1207,44459,434.04,-1.66742184,,1
1208,44460,433.63,-0.09446134,,1
1209,44461,437.86,0.9754860129999999,,2
1210,44462,443.18,1.215000228,,2
1211,44463,443.91,0.164718624,,2
1212,44466,442.64,-0.286094028,,1
1213,44467,433.72,-2.015181637,,1
1214,44468,434.45,0.168311353,,2
1215,44469,429.14,-1.22223501,,1
1216,44470,434.24,1.1884233579999999,10.0,2
1217,44473,428.64,-1.2896094329999999,,1
1218,44474,433.1,1.0405001870000001,,2
1219,44475,434.9,0.415608405,,2
1220,44476,438.66,0.864566567,,2
1221,44477,437.86,-0.182373592,,1
1222,44480,434.69,-0.7239757,,1
1223,44481,433.62,-0.24615243,,1
1224,44482,435.18,0.35976200399999997,,2
1225,44483,442.5,1.682062595,,2
1226,44484,445.87,0.761581921,,2
1227,44487,447.19,0.296050418,,2
1228,44488,450.64,0.7714841570000001,,2
1229,44489,452.41,0.39277472,,2
1230,44490,453.59,0.260825358,,2
1231,44491,453.12,-0.103617805,,1
1232,44494,455.55,0.53628178,,2
1233,44495,455.96,0.090001098,,2
1234,44496,453.94,-0.443021318,,1
1235,44497,458.32,0.964885227,,2
1236,44498,459.25,0.202914994,,2
1237,44501,460.04,0.172019597,11.0,2
1238,44502,461.9,0.404312668,,2
1239,44503,464.72,0.610521758,,2
1240,44504,466.91,0.47125150600000004,,2
1241,44505,468.53,0.346961941,,2
1242,44508,468.93,0.08537340199999999,,2
1243,44509,467.38,-0.330539739,,1
1244,44510,463.62,-0.8044845740000001,,1
1245,44511,463.77,0.032354083,,2
1246,44512,467.27,0.7546844340000001,,2
1247,44515,467.43,0.034241445,,2
1248,44516,469.28,0.395781186,,2
1249,44517,468.14,-0.242925332,,1
1250,44518,469.73,0.33964198700000003,,2
1251,44519,468.89,-0.178826134,,1
1252,44522,467.57,-0.281515921,,1
1253,44523,468.19,0.132600466,,2
1254,44524,469.44,0.266985625,,2
1255,44526,458.97,-2.2303169730000003,,1
1256,44529,464.6,1.226659695,,2
1257,44530,455.56,-1.9457597930000001,,1
1258,44531,450.5,-1.1107208709999998,12.0,1
1259,44532,457.4,1.531631521,,2
1260,44533,453.42,-0.870135549,,1
1261,44536,458.79,1.184332407,,2
1262,44537,468.28,2.068484492,,2
1263,44538,469.52,0.264798838,,2
1264,44539,466.35,-0.675157608,,1
1265,44540,470.74,0.9413530609999999,,2
1266,44543,466.57,-0.8858393170000001,,1
1267,44544,463.36,-0.687999657,,1
1268,44545,470.6,1.5625,,2
1269,44546,466.45,-0.8818529540000001,,1
1270,44547,459.87,-1.4106549469999998,,1
1271,44550,454.98,-1.063343989,,1
1272,44551,463.06,1.775902237,,2
1273,44552,467.69,0.9998704270000001,,2
1274,44553,470.6,0.622207017,,2
1275,44557,477.26,1.41521462,,2
1276,44558,476.87,-0.081716465,,1
1277,44559,477.48,0.12791746199999998,,2
1278,44560,476.16,-0.27645137,,1
1279,44561,474.96,-0.252016129,,1
